:020000040800F2
:10000000701A002069400008F92B000873400008AE
:10001000FB2B0008FF2B0008032C00080000000049
:10002000000000000000000000000000072C000895
:10003000092C0008000000007F400008D92C0008AF
:100040008340000883400008834000088340000884
:100050008340000883400008834000088340000874
:100060008340000883400008834000088340000864
:100070008340000883400008834000088340000854
:100080008340000883400008834000088340000844
:100090008340000883400008834000080B2C0008C0
:1000A0008340000883400008834000088340000824
:1000B000834000081D2C0008252C00088340000800
:1000C0008340000883400008834000088340000804
:1000D00083400008412C0008492C0008512C0008DE
:1000E00083400008834000088340000883400008E4
:1000F00083400008834000088340000883400008D4
:1001000083400008834000088340000883400008C3
:10011000592C0008612C000883400008272C000897
:1001200083400008834000088340000883400008A3
:100130008340000883400008834000088340000893
:100140008340000883400008834000088340000883
:10015000834000088340000883400008692C0008A1
:100160008340000883400008834000088340000863
:100170008340000883400008834000088340000853
:100180008340000883400008DFF80CD00CF0F8F939
:1001900000480047A1010008701A002000BFFEE7D8
:1001A00001F018FB00F011F801E000F034F8FCE772
:1001B00010B501F021FA10BD70477047704710B5B7
:1001C00000F052F810BD70477047002000BF1FE0DC
:1001D00000EB4001234A02EB810189884FF47A72D7
:1001E00092FBF1F100EB40021E4B03EB8202D18047
:1001F00000EB40011A4602EB8101C988012905DAAA
:10020000012100EB400203EB8202D180411CC8B205
:100210000728DDD3704770B5002400BF1EE002F050
:1002200065FD054604EB44000E4901EB8000806843
:10023000281A04EB44010B4A02EB8101C988884269
:100240000AD304EB4400114601EB8000856004EB07
:10025000440152F821008047601CC4B2072CDED351
:1002600070BD00000000002010B52F4890F8390044
:10027000002858D12C48B0F9440040F2145188426B
:100280000FDD2948B0F9440040F2A461884208DA41
:100290002648007840B9642000F097FF2349087091
:1002A00002E00020214908701F48B0F94400B0F571
:1002B000487F0DDD1C48B0F94400B0F5966F07DAB1
:1002C0001B48007838B900F0A1FF1949087002E016
:1002D0000020174908701448B0F9440040F2A461A6
:1002E00088420FDD1048B0F9440040F6980188427A
:1002F00008DA1048007840B901200E4908700E490C
:10030000087002E000200B4908700A4800780128B4
:1003100006D10A48007810B101200949087002E0AE
:1003200000200549087010BDCC09002054000020B1
:1003300055000020560000205900002058000020E1
:1003400057000020FF20F94981F84E006421F7484A
:10035000A0F850100121A0F85210FF20F34981F8B5
:1003600080011421F148A0F882110021A0F8841125
:10037000FF20EE4981F820010021EC48A0F822116D
:10038000A0F82411FF20E94981F832010021E74853
:10039000A0F83411A0F83611FF20E44981F83801A3
:1003A0000021E248A0F83A11A0F83C11FF20DF49F3
:1003B00081F886010021DD48A0F88811A0F88A1193
:1003C000FF20DA4981F840050021D848A0F84215FD
:1003D000A0F84415FF20D54981F84C050021D348E9
:1003E000A0F84E15A0F85015704770B504460D469C
:1003F0002946204603F09FFD70BDCC4A10700122B3
:10040000CA4B5A707047C94A82F84C05012382F8DA
:100410004D3570472DE9F04104460D460026002772
:10042000E178A81F814201D0BDE8F081002006E0FC
:10043000215C3144CEB2B919CFB2411CC8B2A91E59
:100440008142F5DC601910F8020CB04204D1601949
:1004500010F8010CB84200D0E6E72078AA2805D1B0
:100460006078612803D06078FF2800D0DCE7A078AE
:10047000202811D1A088AE490880E08848802089D2
:1004800088806089C880A0890881E0894881208AA5
:100490008881608AC881CAE0A0780F280DD12079B0
:1004A00040B2A4490870607940B24870A07940B267
:1004B0008870E07940B2C870B9E0A07806280CD105
:1004C00020799D4948706079C870A0790871E179F8
:1004D00099484171217A8171A9E0A07807280AD151
:1004E000002005E0211D095C944A1154411CC8B24A
:1004F0000628F7DB9BE0A07803280AD1002005E05E
:10050000211D095C8E4A1154411CC8B20728F7DB33
:100510008DE0A07803280AD1002005E0211D095CA8
:10052000884A1154411CC8B20928F7DB7FE0A07843
:1005300005280AD1002005E0211D095C824A1154DA
:10054000411CC8B20928F7DB71E0A07808280AD15D
:10055000002005E0211D095C7C4A1154411CC8B2F1
:100560000828F7DB63E0A078012860D0A078E028B5
:100570001ED12079012806D0022805D0102804D0E9
:10058000112804D102E003E002E001E000E000BF36
:1005900000BF2079654981F80C06084680F80D6691
:1005A00080F80E7600F20C61AF20FFF726FF3EE0E8
:1005B000A078B0B95D4890F80F062179884236D10D
:1005C0005A4890F810066179884230D1574890F81F
:1005D0001106A17988422AD10020544981F80006E9
:1005E00025E0A078E12811D12179607901EB002084
:1005F0001FFA80F84D48A0F814860021C0F818169C
:1006000000F21461FF20FFF7FEFE10E0A078E22860
:100610000DD12079454981F80C06084680F80D6611
:1006200080F80E7600F20C61FF20FFF7E6FE00BFB7
:10063000FAE610B504464648007838B9AA2C05D128
:10064000012043490870434804708EE04048007818
:10065000012809D1612C01D0FF2C05D102203C4991
:1006600008703C48447080E039480078022805D181
:100670000320374908703748847076E034480078A2
:1006800003280CD1FA2C0ADA0420314908703148C9
:10069000C4703148047000203049087065E02C486F
:1006A0000078042819D12C480078002815DD2A4844
:1006B0000078401E284908702848007827490978A2
:1006C000491C264A1170001D22490C54224800780A
:1006D00058BB05201E49087047E01D4800780528D2
:1006E0000DD106201A4908701C4800781B4909786A
:1006F000491C1A4A1170001D16490C5435E0144863
:10070000007806282ED1002011490870134800787F
:10071000001D10490C5411480078401D1049087004
:10072000084601780B48FFF775FE1EE034020020F2
:100730005E090020B8010020C00900206B000020E5
:10074000640000206E09002077090020710000205D
:100750005E000020500800205C0000205D000020AA
:100760005A0000200020E249087010BD7CB5034605
:10077000342B4FD007DC7BB10D2B23D0302B2ED068
:10078000332B6FD138E0402B52D0412B5DD0E02B82
:100790006AD0E22BF5D17BE0D64890F80C460D7874
:1007A000681C08705455D34890F80D460D78681CA5
:1007B00008705455CF4890F80E460D78681C0870A4
:1007C000545594E0002007E0CB4C255C0E78741C57
:1007D0000C709555441CE0B20428F5DB87E000203E
:1007E00007E0C64C255C0E78741C0C709555441CB3
:1007F000E0B21728F5DB7AE0002008E0BF4C193C96
:10080000255C0E78741C0C709555441CE0B20628CB
:10081000F4DB6CE0002008E0B84CE41F255C0E78A7
:10082000741C0C709555441CE0B20728F4DB5EE0A4
:10083000002007E0B24C255C0E78741C0C709555B6
:10084000441CE0B21428F5DB51E0002007E0AD4C79
:10085000255C0E78741C0C709555441CE0B20E2873
:10086000F5DB44E042E0FFE7A24890F801460D784E
:10087000681C08705455002007E0A34C255C0E78D6
:10088000741C0C709555441CE0B20A28F5DB2EE070
:100890009848B0F8140600B201909DF804400D7815
:1008A000681C087054559DF805400D78681C087048
:1008B00054559048D0F8180600909DF800400D78E7
:1008C000681C087054559DF801400D78681C08702C
:1008D00054559DF802400D78681C087054559DF8D9
:1008E00003400D78681C0870545500E000BF00BF3D
:1008F0007CBDF8B504460F4600200090AA219DF863
:100900000020501CC0B200908048815439789DF876
:100910000020501CC0B200907C4881549DF800100B
:10092000481CC0B200907948445400219DF8002032
:10093000501CC0B20090754881540246694620465A
:10094000FFF714FF9DF80000001F7049C8700025D4
:100950000026002007E06D49095C2944CDB27119D9
:10096000CEB2411CC8B29DF800108842F3DB9DF85E
:100970000010481CC0B20090644845549DF8001017
:10098000481CC0B20090614846545A4890F800068E
:1009900040B1E02C06D1574880F80F4680F8105639
:1009A00080F811669DF800105848FFF71EFDF8BD4D
:1009B00010B5044604EB44004E4901EB400040886A
:1009C00028B304EB440001EB4000808804EB4401B1
:1009D000484A02EB4101498888420CDA04EB4400A2
:1009E000114601EB40008088401C04EB440102EBFF
:1009F000410188800BE0012004EB44013D4A02EBF9
:100A00004101888004EB440102EB4101487004EB92
:100A10004400384901EB4000407868B1002004EB05
:100A20004401344A02EB4101487004EB440002EBFC
:100A300040012046FFF75DFF10BD2E4A82F84005B9
:100A4000012382F8413501222A4B83F800267047A2
:100A500010B52DED028BB0EE408A00F01BF830206F
:100A6000FFF7A6FF3320FFF7A3FF3420FFF7A0FF17
:100A70004020FFF79DFF4120FFF79AFFE020FFF79E
:100A800097FFE220FFF794FF0D20FFF791FFBDECE9
:100A9000028B10BD174890F80006012821D11C4890
:100AA0000078322805DA1A480078401C1849087086
:100AB0001CE000201649087016480078401C1549B3
:100AC000087008460078052804DA0121094880F8F2
:100AD00041150BE000200F490870064981F8000617
:100AE00004E000200A4908700A49087070470000B5
:100AF0005E0000203402002060000020A9090020D0
:100B0000060A0020500900203608002000020020BC
:100B10005F0000205B00002000B52DED028B85B04A
:100B2000B0EE408AFE4890F8390000287DD1FC489C
:100B3000B0F94200B0F5966F06DA012000F004FB30
:100B40000120F849087013E0F548B0F9420040F27E
:100B5000A461884206DA022000F0F6FA0220F14988
:100B6000087005E0032000F0EFFA0320ED4908705B
:100B7000EC484078EB49097888420BD0E948007886
:100B8000E849487008460078032803D10846807871
:100B9000401C8870E348807810B3E3480088B0F5C3
:100BA000FA6F10DAE048008800EE100AB8EE400A4A
:100BB000DFEDDE0A00EE880ABCEEC00A10EE100A75
:100BC000D94908800CE0D7498978032901DB00F076
:100BD000E3FA20B10021D44A1180D24A917000BFBB
:100BE000CF48B0F93A00A0F2DC5000EE900AF8EEDF
:100BF000E00AB0EE600A9FEDCE1ADFEDCE0A01F0FA
:100C00004DFA8DED010AC648B0F93C00A0F2DC5067
:100C100000EE900AF8EEE00AB0EE600A9FEDC41A0A
:100C2000DFEDC40A01F03AFA00E07BE08DED020A44
:100C3000BB48B0F93E00A0F2DC5000EE900AF8EE9E
:100C4000E00AB0EE600A9FEDBC1ADFEDBA0A01F0CF
:100C500025FA8DED030AB248B0F94000A0F2DC504D
:100C600000EE900AF8EEE00AB0EE600A9FEDB21ACC
:100C7000DFEDB00A01F012FA8DED040AAF480078FA
:100C800058B19FEDAC0A8DED010A9FEDAA0A8DEDDA
:100C9000020A9FEDA80A8DED040A9DED010ADFED21
:100CA000A80A20EE200ADFEDA70A20EE200ABDEEFA
:100CB000C00A10EE100A00B2A34908809DED020A96
:100CC000B1EE400ADFED9E0A20EE200ADFED9D0A1C
:100CD00020EE200ABDEEC00A10EE100A00B24880D5
:100CE0008F48C08FA0F57A7000B288809DED040A0D
:100CF000B1EE400ADFED950A20EE200ADFED940AFE
:100D000020EE200ABDEEC00A10EE100A00B2C88024
:100D10000121904880F8871100208F4908708F4981
:100D200008701EE08E48C07878B18B48007828B9EA
:100D3000032000F009FA8849087006E08748007827
:100D400018B900F029FA8549087000207E4908800A
:100D500048804FF4AF7088800020C8808881488127
:100D6000088105B0BDEC028B00BD10B504467D487E
:100D7000008800EE100AB8EE400ADFED7B0A20EE94
:100D8000200ABDEEC00A10EE100A00B277490880B2
:100D90007448408800EE100AB8EE400ADFED720A8F
:100DA00020EE200ABDEEC00A10EE100A00B2488004
:100DB0006C48808800EE100AB8EE400ADFED6A0A3F
:100DC00020EE200ABDEEC00A10EE100A00B28880A4
:100DD0006448C08800EE100AB8EE400ADFED620AEF
:100DE00020EE200ABDEEC00A10EE100A00B2C88044
:100DF0005C48008900EE100AB8EE400ADFED5A0A9E
:100E000020EE200ABDEEC00A10EE100A00B20881E2
:100E10005448408900EE100AB8EE400ADFED520A4D
:100E200020EE200ABDEEC00A10EE100A00B2488182
:100E30004C48808900EE100AB8EE400ADFED4A0AFD
:100E400020EE200ABDEEC00A10EE100A00B2888122
:100E50004448C08900EE100AB8EE400ADFED420AAD
:100E600020EE200ABDEEC00A10EE100A00B2C881C2
:100E70003F48007818B901203D49087027E0E4B1E7
:100E8000002017E0394931F91010002901DC002158
:100E90000BE0364931F91010B1F57A7F02DD4FF4DD
:100EA0007A7102E0314931F91010304A22F81010FD
:100EB000411CC8B20828E5DB09E0002005E000215C
:100EC0002A4A22F81010411CC8B20828F7DB27482C
:100ED00002F01FFA10BD10B501F0DAFFDFED250AB0
:100EE00020EE200ABCEEC00A10EE100A224908804B
:100EF00010BD10B521480088401C204908800846D4
:100F000000880A2190FBF1F201FB12001B490880C6
:100F100008460088B0BB9FED1A0A00F024FE32E0BC
:100F2000CC0900207B0000207E00002000007A44D5
:100F300000002042000000000000A0428C000020C1
:100F40008F360E3B00C05A4550090020C6F91B3BA6
:100F50000000484334020020790000207A0000207D
:100F6000C00900205E090020CDCCCC3D80090020C6
:100F7000800000200000C8426000002082000020A5
:100F80000AD7233C1EE01FED020AFFF7C5FD1FED47
:100F9000040A00F015FB1FED060A01F0B9FA134828
:100FA0004088401C11494880084640880A2190FB2F
:100FB000F1F201FB12000D4948800846408808B94B
:100FC000FFF789FF03F036F8012001F041FC9FEDA7
:100FD000080A00F00FF89FED060AFFF739FD01201F
:100FE000FFF7C3FE01F0F5FF10BD000082000020F6
:100FF0006F12833A10B52DED028BB0EE408A00F0EF
:1010000020F800BF2D4840782D490978884214D037
:101010002A4840782A49087000202A4988744FF4E9
:1010200087712848A0F813102448C1692548C0F8E2
:1010300015100121244880F8391100BFBDEC028B46
:1010400010BD22480078FF2804D020480078401CBA
:101050001E490870194800781D490978884216D041
:10106000164800781A4908701448007A50B113489D
:10107000C07838B111484089124908800F488089EA
:10108000488004E04FF400400E49088048800B4837
:1010900040781049097888420ED0084840780D49B8
:1010A00008704FF40040074988800121064880F805
:1010B000331100200549087070470000380A0020ED
:1010C00089000020900900203402002088000020C0
:1010D000860000208700002010B50120A2498870FA
:1010E000A24890F8000688B91020A04981F80106AE
:1010F00000219E4880F80216012180F8031600F2B4
:101100000161FF20FFF799FC012010BD0020FCE7E2
:1011100010B5002094498870944890F8000688B96A
:101120001020924981F801060021904880F80216AB
:10113000022180F8031600F20161FF20FFF77DFC19
:10114000012010BD0020FCE710B504468848007857
:10115000A0421FD0854890F80006C8B982480470A4
:10116000834804700120814981F8010601217F48EC
:1011700080F8021680F803167B4801787B4880F8D7
:10118000041600F20161FF20FFF757FC012010BD9B
:101190000020FCE70120FAE710B5744890F800063B
:1011A00088B91020714981F8010600216F4880F844
:1011B0000216072180F8031600F20161FF20FFF7F5
:1011C0003CFC012010BD0020FCE701B5674890F809
:1011D0000006C8B91020654981F80106002163485E
:1011E00080F80216052180F803169DF8001080F89B
:1011F00004169DF8011080F8051600F20161FF2029
:10120000FFF71BFC012008BD0020FCE710B5574884
:1012100090F8000688B91020544981F80106002191
:10122000524880F80216062180F8031600F2016188
:10123000FF20FFF702FC012010BD0020FCE707B5EE
:101240004A4890F8000648BB1020484981F801063A
:101250000221464880F80216032180F803169DF803
:10126000001080F804169DF8011080F805169DF80E
:10127000041080F806169DF8051080F807169DF8F2
:10128000081080F808169DF8091080F8091600F279
:101290000161FF20FFF7D1FB01200EBD0020FCE71C
:1012A00010B5324890F8000688B901202F4981F81E
:1012B000010600212D4880F80216032180F803164C
:1012C00000F20161FF20FFF7B8FB012010BD0020F4
:1012D000FCE710B5254890F8000688B9012023499D
:1012E00081F801060021214880F80216042180F8C7
:1012F000031600F20161FF20FFF79FFB012010BDE4
:101300000020FCE710B5194890F8000688B90120C4
:10131000164981F801060021144880F802160521BB
:1013200080F8031600F20161FF20FFF786FB012021
:1013300010BD0020FCE710B50C4890F8000688B9F5
:1013400001200A4981F801060021084880F80216A8
:10135000022180F8031600F20161FF20FFF76DFB08
:10136000012010BD0020FCE7C0090020340200204D
:101370008A00002010B504469848B0F94000B0F546
:10138000AF6F0BDD9548B0F94000B0F5C86F05DAD6
:101390000120934948709349087002E00020904969
:1013A00048708E48B0F93E00B0F5966F06DA8C486A
:1013B000407818B901208A49087002E00020884965
:1013C00008708848007801284AD18748C0780028EA
:1013D00053D18248B0F93A0040F26C71884210DD76
:1013E0007E48B0F93C0040F24C41884209DA7B4823
:1013F000B0F93E00884204DA7848B0F940008842EB
:1014000017DB7648B0F9400040F26C71884230DD5D
:101410007248B0F93C0040F24C41884229DA6F48EA
:10142000B0F93E00884224DA6C48B0F93A008842AC
:101430001FDA6E480088B0F57A7F12DAD4ED000A20
:101440006A48008800EE100AB8EE400A9FED681A5C
:1014500000EE810ABCEEC00A10EE100A6349088053
:1014600062E0FFF739FE0020604908805D4908709E
:101470005AE000205D49088056E05B48C0780128AA
:1014800052D15648B0F93A0040F26C71884210DDF2
:101490005248B0F93C0040F24C41884209DA4F48CA
:1014A000B0F93E00884204DA4C48B0F94000884266
:1014B00017DB4A48B0F9400040F26C71884230DDD9
:1014C0004648B0F93C0040F24C41884229DA434892
:1014D000B0F93E00884224DA4048B0F93A00884228
:1014E0001FDA42480088B0F5967F12DAD4ED000A80
:1014F0003E48008800EE100AB8EE400A9FED3C1A04
:1015000000EE810ABCEEC00A10EE100A37490880CE
:101510000AE0FFF7FDFD00203449088031490870DA
:1015200002E000203149088010BD10B52E48C07877
:10153000002844D12948B0F9400040F24C4188428B
:1015400017DA2648B0F93C00884212DA2348B0F98D
:101550003E0088420DDA2148B0F93A00884208DAA4
:101560002448007838BBFFF79BFE01202149087012
:1015700025E01A48B0F9400040F26C7188421BDD4A
:101580001648B0F93C0040F24C41884214DA134846
:10159000B0F93E0088420FDA1048B0F93A0040F244
:1015A0006C71884208DD1348007820B9FFF791FE7E
:1015B00001201049087002E000200E49087010BD9B
:1015C00010B52DED020B054890F8390020B968469A
:1015D000FFF7D0FEFFF7A9FF1CBD0000CC090020DB
:1015E0008C00002090000020C00900208E00002008
:1015F00000007A449100002010B52DED048B57496E
:10160000B1F900000AF0A8FE41EC180B9FED540B55
:1016100053EC102B0AF031FE534A03C24F49B1F983
:1016200002000AF099FE41EC180B9FED4D0B53ECB4
:10163000102B0AF022FE4D4A03C24849B1F90400BA
:101640000AF08AFE4A4A03C29FED4A0B53EC102B64
:101650004A4890ED000B51EC100B0AF0A7FE18D28F
:101660009FED470B53EC102B414890ED000B51ECD4
:10167000100B0AF083FE0CD29FED430B53EC102BA2
:10168000434890ED000B51EC100B0AF0DDFC404A92
:1016900003C29FED3B0B53EC102B384890ED000B31
:1016A00051EC100B0AF06AFE18D29FED320B53EC8E
:1016B000102B2F4890ED000B51EC100B0AF076FE2A
:1016C0000CD29FED310B53EC102B314890ED000BF9
:1016D00051EC100B0AF059FD2D4A03C29FED200B6F
:1016E00053EC102B224890ED000B51EC100B0AF03C
:1016F000C4FD41EC180B9FED270B53EC102B244835
:1017000090ED000B51EC100B0AF045FD41EC190B6C
:1017100053EC182B0AF098FC204A03C2144890EDB1
:10172000000B164880ED000B1D48B0F918001D494C
:1017300008601B48B0F91A001B4908601B48008864
:101740001B490880194840881A4908801A4840688F
:101750001A490860BDEC048B10BD00006400002035
:10176000000000000000594098000020A000002068
:10177000B0000020000000000094C140B80000202C
:10178000000000000094C1C0000000000000F03F15
:10179000C00000200000000000807640A80000206B
:1017A000380A0020D4000020D80000206B00002060
:1017B000C8000020CA00002077090020D0000020C7
:1017C00010B501F0F1FD0120F84981F8380081F8E9
:1017D000390010BD10B501F0C3FA642001F0B4FA6D
:1017E00001F096FB01F022FC642001F0ADFAF04814
:1017F00002F00DF8EE4802F004F9ED4802F022FA8A
:10180000EB4802F008FB642001F09EFAFFF7D8FFD6
:1018100001F0EAFA642001F097FAFEF793FD4FF425
:10182000487001F091FA01F0B8F801F0E7FE0120EC
:1018300010BD40F6C411884203DDDE490978032952
:1018400003DCDC4909780A290DD10021D94A11703D
:10185000D649B1F84E10491CD44AA2F84E100121C5
:1018600082F8501012E0B0F5967F0FDD40F6B831E7
:1018700088420BDA02B2CD49891CCE4B1B7821F885
:101880001320CC490978491CCA4A1170704738B5F1
:101890000446C9A000680090C8484068C74908606D
:1018A00001F027FAC5494860084640680968401AAF
:1018B00040F6C411884202D90020C1490870C048CE
:1018C00001780078401CBE4A1070BE48445410464F
:1018D000007819287ED1182011460870B948007880
:1018E0000F2878D1B748007E38B1B648007EB64A96
:1018F00012781DF802108842F3D10020B049087018
:10190000B0484078AF49897801F0070140EA0120EA
:10191000A6498882AB48C0788006400DA9498978DD
:1019200040EAE100A149C882A6484079C007400DBD
:10193000A449097940EA8100A249C97840EAA11086
:101940009A4908839F4880790007400D9D4949794D
:1019500040EA6100954948839A48C0794006400DA5
:101960009849897940EA2110904988839548407ABE
:101970008007400D9349097A40EA41009149C979AD
:1019800040EAE1108949C8838E48807AC006400D3C
:101990008C49497A40EAA100844908848948C07A80
:1019A000C0008849897A40EA6111804841848548AD
:1019B000007B8449497B01F0070140EA01207B4913
:1019C00088848048807B8006400D7E49497B40EAC0
:1019D000E10001E072E067E07449C8847948007C66
:1019E000C007400D7749C97B40EA81007549897B72
:1019F00040EAA1106D4908857248407C0007400DFF
:101A00007049097C40EA6100684948856D48807CDE
:101A10004006400D6B49497C40EA211063498885A6
:101A20006848007D8007400D6649C97C40EA410056
:101A30006449897C40EAE1105C49C8856148407D81
:101A4000C006400D5F49097D40EAA100574908865C
:101A50005C48807DC0005B49497D40EA6111534884
:101A600041865848C07D514981F83400084690F8B5
:101A7000340000F0080040B90846B0F84E00401CA1
:101A8000A1F84E00022081F850004F480078401C19
:101A90004D4908700878C11700EB91718910A0EBCF
:101AA0008101494A117009E0002005E0454A411CC6
:101AB000515C1154411CC8B21828F7DB38BD10B571
:101AC0000446D4ED000A4148008800EE100AB8EE42
:101AD000400A9FED3F1A00EE810ABCEEC00A10EEEC
:101AE000100A3A49088008460088B0F57A7F39DD47
:101AF000002008802D48B0F84E002C49C8860846C2
:101B0000C08E052803DA012081F8380003E00020A8
:101B1000264981F83800254890F83800C8B1234894
:101B20000078D8B92B480078401C2A4908700878FA
:101B300000EBD0714910A0EB4101264A117010460C
:101B40000078012802D101F0B0FC07E001F02CFC84
:101B500004E0164890F8500014490870002013491A
:101B6000A1F84E0010BD10B52DED020B6846FFF731
:101B7000A6FF0E4890F8380000286DD10B48007879
:101B800001280DD1002008E00849891C31F81020F7
:101B9000383121F81020411CC8B20A28F4DB37E0A4
:101BA00002480078022833D100202FE0CC09002021
:101BB00020A10700E400002004142434E8000020E1
:101BC000F00000201E0A0020F1000020F400002098
:101BD00000007A44F20000202A4931F91010A1F5E2
:101BE000806100EE101AF8EEC00A9FED270A9FED03
:101BF000271A01EE200ABDEEC00A10EE101A0AB232
:101C00002049263121F81020411CC8B20A28E3DB04
:101C10001C481438B0F94200B0F5966F06DD19483B
:101C20001438B0F94200B0F5AF6F0DDB1548143829
:101C3000B0F94200B0F5C86F0ADD12481438B0F9A7
:101C40004200B0F5E16F03DA01201149087011E09C
:101C500000200F4908700DE001200D490870002098
:101C600006E000220749263121F81020411CC8B2A5
:101C70000A28F6DB064800780249143981F8390051
:101C80001CBD0000E00900200080BB442FDD243F84
:101C9000F6000020F0EE400AF5EEC00AF1EE10FA70
:101CA00002DBB0EE600A7047B1EE600AFBE700B5F8
:101CB000B0EE403AB0EE602AB5EEC03AF1EE10FA5E
:101CC00007D1B5EEC02AF1EE10FA02D19FEDFC1A51
:101CD00099E0B0EE430AFFF7DDFFF0EE403AB0EED8
:101CE000420AFFF7D7FFF0EE402AF4EEE23AF1EEB7
:101CF00010FA02D283EEA24A01E082EEA34A9FEDDF
:101D0000F10AB4EEC04AF1EE10FA02D2F0EE441A33
:101D10002DE0DFEDED0AB6EE000A14EE200AF0EE3B
:101D2000404ABDEEE40A10EE100A00EE100AB8EECA
:101D3000C00A34EEC00AF0EE404AE44901EB8001EB
:101D400091ED000AF0EE401AE04A411C02EB8101DD
:101D500091ED000A114601EB8001D1ED000A70EE11
:101D6000600AB0EE610A00EEA40AF0EE401AF4EE4A
:101D7000E32AF1EE10FA20DDB5EEC02AF1EE10FAFA
:101D80000ADBB5EEC03AF1EE10FA02DBB0EE611AF2
:101D900039E0B1EE611A36E09FEDCD1AB5EEC03AEA
:101DA000F1EE10FA04DB31EE610AB0EE401A2AE0DF
:101DB00031EEC10AB0EE401A25E0B5EEC03AF1EEC0
:101DC00010FA10DB9FEDC31AB5EEC02AF1EE10FA3F
:101DD00004DB31EE610AB0EE401A14E031EE210A64
:101DE000B0EE401A0FE09FEDBC1AB5EEC02AF1EE3E
:101DF00010FA04DB31EE210AB0EE401A03E031EEB6
:101E0000610AB0EE401AB0EE410A00BD00B5B0EE76
:101E1000405AF0EE605AF0EE450AB0EE650AFFF760
:101E200046FF00BDF0EE400AF6EE001A60EEA11A81
:101E3000B0EE611AB0EE600A10EE100AA749A1EBED
:101E4000600000EE100A21EE002AF7EE081A42EEBA
:101E5000401A61EE801AB0EE610A21EE002AF7EE18
:101E6000081A42EE401A61EE801AB0EE610A70471D
:101E700000B5F0EE402AB0EE620AFFF7D3FF20EE85
:101E8000220A00BD10B52DED0A8BB0EE409AF0EE9F
:101E9000609A9FED930B53EC102B51EC190B0AF049
:101EA0006DFA18D29FED900B53EC102B51EC190BDF
:101EB0000AF071F941EC1B0B9FED8D0B53EC102BCD
:101EC0000AF0C2F841EC1A0B53EC192B0AF063F933
:101ED00041EC180B17E09FED840B53EC102B51ECE9
:101EE000190B0AF058F941EC1B0B9FED810B53ECD9
:101EF000102B0AF04DF941EC1A0B53EC192B0AF098
:101F00004AF941EC180B9FED760B53EC102B51EC7A
:101F1000180B0AF033FA20D29FED770B53EC102BFD
:101F200051EC180B0AF090F841EC1C0B9FED740B70
:101F300053EC102B0AF02FF941EC1B0B9FED6E0BAD
:101F400053EC102B0AF080F841EC1A0B53EC182BD1
:101F50000AF021F941EC180B1FE09FED670B53ECE1
:101F6000102B51EC180B0AF010F941EC1C0B9FEDF3
:101F7000660B53EC102B0AF00EF941EC1B0B9FED96
:101F80005E0B53EC102B0AF05FF841EC1A0B53EC8C
:101F9000182B0AF000F941EC180BB0EE480AF0EEED
:101FA000680ABDEC0A8B10BD10B52DED068BB0EEA6
:101FB000408AF0EE608A01249FED550B53EC102B04
:101FC00051EC180B0AF0F2F90AD89FED510B53ECC3
:101FD000102B51EC180B0AF0D8F841EC180BA41E8A
:101FE00020460AF0B9F941EC190BB0EE480AF0EEC0
:101FF000680AFFF747FFB0EE40AAF0EE60AA53EC84
:10200000192B51EC1A0B0AF0C6F841EC100BBDEC81
:10201000068B10BD10B52DED088BB0EE408AF0EEAA
:10202000608A01249FED3C0B53EC102B51EC180BF4
:102030000AF00AF841EC180B9FED350B53EC102B0E
:1020400051EC180B0AF0B2F90AD8A41E9FED300B20
:1020500053EC102B51EC180B0AF097F841EC180BCD
:1020600020460AF079F941EC1A0BB0EE480AF0EE7E
:10207000680AFFF799FFB0EE40BAF0EE60BA53EC91
:102080001A2B51EC1B0B0AF086F841EC190B0AF0E5
:10209000A5F900EE100ABDEC088B10BDF0EE401A59
:1020A000F4EEE01AF1EE10FA3ADD31EEC10AB4EEC8
:1020B000E00AF1EE10FA3CD2B0EE600A39E000001E
:1020C000000000008180803B0000804338C600088B
:1020D000DB0F4940DB0FC93FDB0FC9BFDF59375F5B
:1020E0000000000000000000000000602FF0D93F59
:1020F00000000060305FF43F000000000000F03F8F
:10210000000000C0CCCCCCBF000000C0CCCCCC3F89
:10211000F1D4C853FB210940F1D4C853FB21F93F46
:1021200031EE810AB4EEE00AF1EE10FA01DDB0EE14
:10213000600A7047F0EE401AB1EE412A32EE202AD2
:10214000B4EEE12AF1EE10FA09D231EE202AB4EE13
:10215000E12AF1EE10FA02DDB0EE600A01E0B0EE25
:10216000610A7047F0EE402AB5EEC01AF1EE10FA9F
:1021700002DDB0EE410A01E0B1EE410AB6EE003AEE
:1021800022EE033A23EE213AB4EEC30AF1EE10FA3E
:1021900006D29FEDD40A20EE800AF0EE400A4DE010
:1021A000B5EEC01AF1EE10FA02DDB0EE410A01E020
:1021B000B1EE410A22EE213AB4EEC30AF1EE10FA72
:1021C00006D29FEDC90A20EE800AF0EE400A35E003
:1021D000B5EEC01AF1EE10FA02DDB0EE410A01E0F0
:1021E000B1EE410AB4EEE10AF1EE10FA06D2B6EE13
:1021F000000A20EE800AF0EE400A1FE0B5EEC01A99
:10220000F1EE10FA02DDB0EE410A01E0B1EE410A52
:10221000B0EE003A21EE833AB4EEC30AF1EE10FAC2
:1022200006D29FEDB20A20EE800AF0EE400A05E0E9
:102230009FEDAF0A20EE800AF0EE400A9FEDAD0A56
:1022400020EE800A20EE223AF7EE003A83EE830A6F
:10225000B7EE003A30EE030AF7EE003A83EE803A2A
:1022600090ED000A71EE403A90ED000A03EE230A69
:1022700080ED000A90ED000AB1EE423A23EE213AD9
:10228000B4EEC30AF1EE10FA04D8B1EE420A20EE21
:10229000210A0DE090ED000A22EE213AB4EEC30AC5
:1022A000F1EE10FA02DD22EE210A01E090ED000AC3
:1022B00080ED000A90ED000A31EE400A704710B53B
:1022C0002DED028BB0EE408AF0EE608A9FED8A0B16
:1022D00053EC102B51EC180B0AF068F80CD29FED60
:1022E000880B53EC102B51EC180B09F04EFF41EC0E
:1022F000100BBDEC028B10BD9FED830B53EC102B2C
:1023000051EC180B0AF03AF80AD29FED7D0B53EC12
:10231000102B51EC180B09F097FE41EC100BE8E77D
:10232000B0EE480AF0EE680AE3E730B505460C4621
:10233000F0EE403AD5ED000A60EEA00A94ED001AE6
:10234000D4ED001A41EE210AB0EE600AFFF790FDCD
:10235000B0EE403AB5EEC03AF1EE10FA02D81FEDF9
:10236000A80A09E0B4EEE33AF1EE10FA02DDB0EEAD
:10237000630A01E0B0EE430AB0EE404AB5EEC03A5F
:10238000F1EE10FA06D11FEDB20A83ED000A82EDDC
:10239000000A0FE084EE030AD5ED000A20EE200AC1
:1023A00082ED000A84EE030AD4ED000A20EE200A32
:1023B00083ED000A30BDF0EE400A0B7802EB830398
:1023C000C3ED000A0B785B1C0B700B78834201DBBA
:1023D00000230B700B7802EB830393ED000A704728
:1023E00000B50246B0EE403A0B46F7EE000A43EE67
:1023F000430AB0EE600AFFF73BFDD2ED000A20EE83
:10240000200AD2ED010A00EEC30A83ED000AF7EEBE
:10241000000A43EE430AB0EE600AFFF729FDD2ED51
:10242000010A20EE200AD2ED000A00EE830A83EDB5
:10243000010A00BD90ED000AD1ED010A20EE200A4C
:10244000D0ED010A91ED001A00EEC10A704790ED3F
:10245000000AD1ED000A20EE200AD0ED010A91ED2C
:10246000011A00EE810A704790ED010AD1ED020ACF
:1024700020EE200AD0ED020A91ED011A00EEC10A09
:1024800082ED000A90ED020AD1ED000A20EE200A4A
:10249000D0ED000A91ED021A00EEC10A82ED010AA8
:1024A00090ED000AD1ED010A20EE200AD0ED010ADC
:1024B00091ED001A00EEC10A82ED020A704790ED1C
:1024C000000AD1ED000A20EE200AD0ED010A91EDBC
:1024D000011A00EE810AD0ED020A91ED021A00EE17
:1024E000810A70479A99993FCDCC4C3FCDCC4C3E58
:1024F000CDCCCC3DC3F5C840000000000080664054
:10250000000000000080764000000000008066C0EF
:1025100008B5C648D0ED000A9FEDC51AF4EEC10A11
:10252000F1EE10FA0BD2D0ED000AB7EE001A70EE01
:10253000810AC0ED000A0120BE49887002E0002037
:10254000BC498870B948D0ED010A9FEDB91AF4EE84
:10255000C10AF1EE10FA0BD2D0ED010AB7EE001A63
:1025600070EE810AC0ED010A01208DF8000002E042
:1025700000208DF80000AD48D0ED020A9FEDAC1AA6
:10258000F4EEC10AF1EE10FA0BD2D0ED020AB7EE6A
:10259000001A70EE810AC0ED020A01208DF80100D8
:1025A00002E000208DF801009DF8000030B19DF898
:1025B000010018B101209F49C87002E000209D4928
:1025C000C87008BD30B500220024C5788B1F9D421D
:1025D00000D030BD002306E0C55C1544EAB2A51862
:1025E000ECB25D1CEBB28D1E9D42F5DC431813F876
:1025F000023C934204D1431813F8013CA34200D09B
:10260000E7E78378512B38D103795BB94379894D5A
:102610006B7183795BB2AB71C3795BB2EB71037A97
:102620002B7183E00379012B12D14379814D2B72F9
:10263000C3886B810389AB81837A2B719FED7E0AFE
:102640007A4B83ED010A2B461B785B1C2B706DE0E7
:102650000379022B6AD14379764DAB73C3882B8201
:1026600003896B824389AB828389EB82C3892B8385
:10267000038A6B83837C2B7158E08378342B0DD1D4
:10268000D0F807306B4DEB619FED6B0A674B83ED24
:10269000020A2B465B785B1C6B7047E08378012B4A
:1026A0000DD18388634D2B86C3886B860389AB86E7
:1026B0004389EB8683892B87C3896B8736E08378D0
:1026C000042B33D1B0F9043000EE103AB8EEC00A52
:1026D000DFED5A0A20EE200A564B83ED080AB0F9C6
:1026E000063000EE103AB8EEC00ADFED540A20EED4
:1026F000200A504B83ED090AB0F9083000EE103A79
:10270000B8EEC00ADFED4D0A20EE200A494B83EDFA
:102710000A0AB0F90A3000EE103AB8EEC00ADFED4E
:10272000470A20EE200A434B83ED0B0A00BF50E717
:1027300010B504464248007838B9AA2C05D10120CA
:102740003F4908703F4804706FE03D480078012819
:1027500009D1612C01D0FF2C05D102203849087025
:102760003848447061E036480078022805D10320DB
:10277000334908703348847057E0314800780328A3
:102780000CD1FA2C0ADA04202D4908702D48C470A7
:102790002D48047000202D49087046E02848007834
:1027A000042819D128480078002815DD264800782B
:1027B000401E254908702548007824490978491C9D
:1027C000224A1170001D1F490C541F48007840BB5D
:1027D00005201B49087028E01948007805280DD10C
:1027E0000620174908701948007818490978491CCB
:1027F000164A1170001D13490C5416E01048007859
:1028000006280FD100200E49087010480078001DDE
:102810000C490C540D480078401DC1B20948FFF71F
:10282000D1FE02E000200649087010BDA80A002071
:102830000000FA43380A00200000000017B7D13822
:10284000F9000020740A0020F7000020F8000020A2
:102850000146D548007800287ED00022D24B1A705D
:10286000D24A1288C832D14B1A80D14A127DD14B3C
:102870005A76CF4AD37DCF4A9376CD4A9369CD4AD3
:10288000C2F81B30CA4AD369CA4AC2F81F30C84AC4
:10289000526A0A2392FBF3F3C64AC2F82330C44AB1
:1028A000126B0A2392FBF3F213B2C24AA2F827304A
:1028B000BF4A526B0A2392FBF3F213B2BD4AA2F84D
:1028C0002930BB4A926B0A2392FBF3F213B2B94A46
:1028D000A2F82B30B64AB2F84C2000EE102AB8EE1F
:1028E000400ADFEDB50A20EE200ABCEEC00A10EE69
:1028F000100A08B9002204E0C82801D9C82200E063
:1029000002461046AB4A82F82D00A94A526C00EEEE
:10291000102AB8EE400ADFEDA80A20EE200ABCEE2D
:10292000C00A10EE100A08B9002204E0C82801D934
:10293000C82200E0024610469E4A82F82E009C4AB9
:10294000D26A00EE102AB8EE400ADFED9B0A20EEB4
:10295000200ABCEEC00A00E012E010EE100A08B92E
:10296000002204E0C82801D9C82200E0024610462F
:10297000904A82F82F000123904A82F8213100BF4B
:10298000704710B50E218E4800F0C2FE10BD10B584
:102990000E218C4800F0BCFE10BD10B5642000F084
:1029A000D3F94FF4165000F038FE322000F0CCF985
:1029B0001C21854800F0ACFE642000F0C5F94FF4FE
:1029C000964000F02AFE322000F0BEF91C217E481D
:1029D00000F09EFE642000F0B7F94FF4164000F0BE
:1029E0001CFE322000F0B0F91C21774800F090FE68
:1029F000642000F0A9F94FF4E13000F00EFE14203D
:102A000000F0A2F90B21714800F082FE142000F0C2
:102A10009BF90B216E4800F07BFE142000F094F926
:102A20000B216C4800F074FE142000F08DF90B218E
:102A3000694800F06DFE142000F086F90B2167480C
:102A400000F066FE142000F07FF90B21644800F0CE
:102A50005FFE142000F078F9FFF793FF10BD10B56A
:102A60000146002000225F4B1B782BB9B52903D10A
:102A700001235C4C237095E05A4B1B78012B05D148
:102A8000622903D10223574C23708BE0554B1B78EE
:102A9000022B05D10323534C2370534B197081E053
:102AA000504B1B78032B05D104234E4C23704F4B06
:102AB000197077E04B4B1B78042B05D10523494C4B
:102AC00023704B4B19706DE0464B1B78052B10D1D2
:102AD0000623444C2370464B1B7803EB0123454CE3
:102AE000238023461B88622B5CDB00233D4C237034
:102AF00058E03C4B1B78062B54DB3A4B1B789B1F52
:102B00003C4C2488A41CA3420ADA364B1B789B1F3A
:102B1000274CE154334B1B785B1C324C237041E053
:102B2000314B1B780344D8B21318DAB22F4B1B7801
:102B30000344D8B21318DAB22E4B1B780344D8B230
:102B40001318DAB22B4B1B8800EB1323D8B21318DF
:102B5000DAB2002307E0164CE45C0444E0B2141837
:102B6000E2B25C1CE3B2234C2488A342F3DB104B9B
:102B7000204C24881B5D834211D10D4C1D4B1B88BA
:102B80005B1CE35C93420AD1174B1B78012B06D1E7
:102B9000164B1B78072B02D10123034C2370002313
:102BA000104C237010BD0000FA000020FC00002033
:102BB000B40A0020900900200AD7233C34020020E8
:102BC000FE0000200C0100203601002067010020DB
:102BD000720100207D010020880100209301002067
:102BE0009E010020AF010020A9010020AA010020C1
:102BF000AB010020AC010020704700BFFEE700BF22
:102C0000FEE700BFFEE77047704710B5802003F075
:102C1000C4FE10B1802003F016FF10BD10B500F007
:102C20001BFC10BD704710B50121114807F0ABFD2A
:102C300028B101210E4807F003FEFEF75AF910BD36
:102C400010B500F0ADFD10BD10B500F09EFE10BD3A
:102C500010B500F0BBFF10BD10B501F0A0F810BD1D
:102C600010B501F0B0F910BD10B500F071FC10BD49
:102C7000001400407FB5684604F0C1FD4FF47A713E
:102C80000198B0FBF1F4E4082146B1F1807F00D354
:102C90001DE021F07F40401E4FF0E02250615017B0
:102CA0000F22002807DA13071E0E314B00F00F0524
:102CB0002D1F5E5503E013071D0E2E4B1D5400BF44
:102CC00000204FF0E02290610720106100BF6FF0FC
:102CD000040001F095FB7FBD2748D0E900305A1C65
:102CE00040F100002449C1E90020704722480068F3
:102CF000704710B500BF204A11684FF0E0225269BA
:102D00004FF0E0239B69D21A4FF47A735A434FF085
:102D1000E0235B69B2FBF3F201EB4103C3EBC113A8
:102D200002EBC300144C18CC4B402343E3D110BD3D
:102D300030B50446FFF7DDFF054600BFFFF7D9FFBA
:102D4000401BA042FAD330BD10B5044603E04FF457
:102D50007A70FFF7EDFF201EA4F10104F7D110BD3A
:102D600010B54FF4806001F099FAFFF783FF10BDB2
:102D700018ED00E000E400E0B001002000B58FB0E5
:102D8000684602F096FD0121880504F050FE00BF60
:102D9000564803F0ABF80028FAD10090544801904F
:102DA00054480290002003903220049000200590A7
:102DB0004FF480600690400007908000089000016A
:102DC0000A904012099000200B9001200C900020E6
:102DD0000D900E906946454802F015FC01214348CC
:102DE00002F078FD0FB000BD00B58DB001A801F074
:102DF00009FC0121042004F01AFE0121080204F05C
:102E0000FCFEFFF7BBFF03208DF8300020200B9065
:102E100000208DF833000BA9374803F0B9FE0020DD
:102E2000099007904FF48030089000200A9007A87E
:102E300001F0F2FB002001908DF8080001208DF8D0
:102E4000090000200390059001208DF8180001A9C9
:102E500027484C3801F00DFB072301220F2124489D
:102E60004C3801F09EFD012121484C3801F077FFDC
:102E700001211F484C3801F080FC01211C484C38CE
:102E800001F047FF1A484C3801F057FE0DB000BD65
:102E90009FED1A0AF0EE400A002010E0154931F8C3
:102EA000101000EE101AB8EE401ADFED151AB0EE51
:102EB000600A01EE210AF0EE400A411CC8B2322835
:102EC000ECDB9FED101A80EE810A9FED0F1A20EEC9
:102ED000010AB2EE061A20EE010AF7EE001A80EEA1
:102EE000211A9FED0A0A21EE000A70471064024081
:102EF0004C200140180B0020000802400000000098
:102F00000AD7A33C0000804500404E456F12833A2B
:102F10001CB5684603F0E7FE0121102004F087FD90
:102F200001208DF804008DF8070000208DF80600C0
:102F300002208DF80500072000906946384803F00C
:102F400027FE01208DF804008DF8060002208DF880
:102F50000500802000906946314803F019FE0221E7
:102F60002F4804F04BF801212D4804F047F80421C4
:102F70002B4804F043F88021294804F03FF81CBD99
:102F800000F0010119B10221254A118302E002215A
:102F9000234A518300F0020119B10121204A118313
:102FA00002E001211E4A518300F0040119B10421FD
:102FB0001B4A118302E00421194A518300F00801E1
:102FC00019B18021164A518302E08021144A1183ED
:102FD000704700B500201DE0124931F81010124A68
:102FE0001256914204DA0121814019438BB202E06A
:102FF000012181408B430B4931F81010491C89B2E3
:10300000084A22F81010142902DB002122F81010BF
:10301000411CC8B20428DFDB1846FFF7B1FF00BD32
:1030200000100240BC010020B801002030B58BB078
:103030000025D44C01A803F056FE08A805F063F95A
:1030400003A805F09CFF012C01D8012004E0CE4824
:10305000844200D900E0204604460121082004F003
:10306000A9FD0121022004F0C8FD0121084604F059
:10307000C4FD0121152004F0DAFC0C20019002208F
:103080008DF8080003208DF8090000208DF80A0053
:1030900001208DF80B0001A9BC4803F079FD022244
:1030A0001146BA4804F088F802220321B74804F018
:1030B00083F8B74800684008B0FBF4F0401E85B2C2
:1030C00042F210700990ADF820500020ADF82800B1
:1030D000ADF8220008A9AF4805F08AF86020ADF8E5
:1030E0000C000020ADF818000120ADF80E004FF4E0
:1030F0007A60059003A9A74805F0E8FD0821A548D6
:1031000006F0B1F90120ADF80E004FF47A60059099
:1031100003A9A04805F0A2FE08219E4806F0CFF9B9
:1031200001219C4805F0E9FA01219A4805F0D1FBFC
:103130004FF4D440019002208DF8080003208DF850
:10314000090000208DF80A0001208DF80B0001A96C
:10315000914803F01DFD012209218F4804F02CF84D
:1031600001220B218C4804F027F801220D218A4806
:1031700004F022F801220E21874804F01DF884484B
:103180000068B0FBF4F0401E85B242F21070099066
:10319000ADF820500020ADF82800ADF822008DF8E1
:1031A0002A0008A97D4805F023F86020ADF80C003E
:1031B0000020ADF81000ADF818000820ADF81A0096
:1031C0004001ADF81C000020ADF81E000120ADF854
:1031D0000E004FF47A60059003A9704805F0C1FB1A
:1031E00008216E4806F0CBF84FF47A60059003A9E9
:1031F0006A4805F07EFC0821684806F0FEF84FF4A6
:103200007A60059003A9654805F060FD08216348D0
:1032100006F029F94FF47A60059003A95F4805F09C
:103220001DFE08215D4806F04AF901215B4807F0C0
:10323000FCF80121594805F060FA0121574805F0D2
:1032400048FB4FF44070019002208DF808000320E5
:103250008DF8090000208DF80A0001208DF80B0080
:1032600001A94F4803F094FC032208214C4803F0C5
:10327000A3FF032209214A4803F09EFF4448006847
:10328000B0FBF4F0401E85B242F210700990ADF828
:1032900020500020ADF82800ADF822008DF82A005B
:1032A00008A9404804F0A4FF6020ADF80C000020FD
:1032B000ADF81000ADF818000820ADF81A00400174
:1032C000ADF81C000020ADF81E004FF47A600590A8
:1032D00003A9344805F0FAFC0821304806F0C3F889
:1032E0004FF47A60059003A92E4805F0B7FD082138
:1032F0002A4806F0E4F801212A4807F096F801214F
:10330000284805F0FAF90121264805F0E2FA0BB049
:1033100030BDB0F90010890001F57A611F4A1164CF
:10332000B0F90210890001F57A61D163B0F9041097
:10333000890001F57A619163B0F90610890001F501
:103340007A615163B0F90810890001F57A61114A78
:1033500040321160B0F90A10890001F57A61121F3C
:103360001160B0F90C10890001F57A610D4A403204
:103370001160B0F90E10890001F57A61121F116019
:103380007047000000093D0000BD0105000002403B
:10339000DC010020000C0040001002400000014051
:1033A000000802400004014000B587B005A803F002
:1033B0009AFC02A806F0BBFE0121022004F0FAFBF1
:1033C0000121042004F033FB1D208DF804000220AD
:1033D0008DF8050001208DF806008DF8070001A882
:1033E00000F077FF8020059002208DF81800032060
:1033F0008DF8190000208DF81A0002208DF81B00AE
:1034000005A95D4803F0C4FB022207215A4803F0D6
:10341000D3FE5320594908800420ADF808000A2043
:10342000ADF80A000120ADF80C000020ADF80E0048
:10343000ADF8100002A95148283806F092FD01218C
:103440004E48283805F045FA012204214B48283817
:1034500007F05AF807B000BD10B548481838008882
:1034600000F0040000B34FF6FB704449183908809F
:103470004FF6FF30088040481030006800F08000B0
:1034800090B93E48283806F0FEFE3D4908800846BF
:1034900000884988401A84B22046FEF7CAF93848A5
:1034A00000883749488000BF10BD00B587B0684626
:1034B00003F019FC0121202004F09FFB01210420CE
:1034C00004F0B5FA47208DF8080004208DF80900B3
:1034D00001208DF80A008DF80B0002A800F0F9FE1B
:1034E00008220721244803F067FE80200090022074
:1034F0008DF804008DF8050001208DF806000020ED
:103500008DF8070069461C4803F042FB1D480390F4
:103510000020ADF810004FF40050ADF81200C010BC
:10352000ADF814000020ADF818000420ADF8160026
:1035300003A9154807F0DBFE012240F2255112488D
:1035400008F071FB0121104808F01AF807B000BD1F
:1035500010B540F225510C4808F08BFC58B140F2F0
:103560002551094808F010FD0748001D0088C4B225
:103570002046FEF78CF910BD0008024028040040E8
:10358000C4010020A0860100001401403EB504469D
:103590000121202004F00EFB1E4804F04DFD019493
:1035A0005320ADF800000020ADF80800ADF802008F
:1035B0006946184804F01CFE0121164807F0ADF8D2
:1035C00001221146134806F09FFF0121114805F022
:1035D00080F90021202004F0EDFA3EBD08B5372027
:1035E0008DF8000007208DF8010001208DF8020001
:1035F0008DF80300684600F06CFE08BD10B54FF46E
:103600007A70FFF7C3FFFFF7E9FF0121202004F0E4
:10361000D1FA10BD00140040704710B58AB00446BE
:1036200006A807F048FF0121102004F0E6FA012166
:10363000084604F0FCF925208DF80C0003208DF8D5
:103640000D0000208DF80E0001208DF80F0003A85A
:1036500000F03FFE07220921FE4803F0ADFD0722DE
:103660000A21FC4803F0A8FD4FF4007001900220ED
:103670008DF808008DF8090000208DF80A0001205F
:103680008DF80B0001A9F34803F082FA4FF4806033
:10369000019002208DF808008DF8090001208DF8B6
:1036A0000A0000208DF80B0001A9EA4803F070FA27
:1036B000E94807F0B7FD06940020ADF81C00ADF80E
:1036C0001E00ADF82000ADF824000C20ADF822005B
:1036D0000020ADF81000ADF812004FF40070ADF806
:1036E00014000020ADF8160006A9DB4807F0FFFD26
:1036F00004A9D94807F0EBFE012240F22551D64833
:1037000008F091FA0121D44807F03AFF0AB010BD41
:1037100070B505460E4600240AE0295DCF480278C0
:103720000078401CCD4B1870CD488154601CC4B249
:10373000B442F2DBC848808900F0800028B9012239
:1037400040F22771C44808F06EFA70BDC5490A7886
:103750000978491CC34B1970C34988541946097824
:10376000642902DB00211A461170704710B510E081
:10377000BE490A780978491CBC4B1970BA49885C63
:10378000FFF76DF9B9480078642802DB0020B749DB
:103790000870B4480078B54909788842E8D110BD6E
:1037A00010B5AD48008800F0080010B1AA48808824
:1037B000C4B240F22551A84808F05BFB50B140F27A
:1037C0002551A54808F0E0FBA3488088C4B22046F4
:1037D000FFF7BCFF40F227719F4808F04AFBA8B1F1
:1037E000A34801780078401CA14A10709C48405CB6
:1037F000994988801046007898490978884205D10F
:103800009548808920F080009349888110BD10B5CB
:103810008AB0044606A807F04EFE0121480404F0D1
:10382000C9F90121082004F002F926208DF80C00C6
:1038300004208DF80D0001208DF80E008DF80F008A
:1038400003A800F046FD072205218A4803F0B4FCD6
:1038500007220621874803F0AFFC202001900220B8
:103860008DF808008DF8090000208DF80A0001206D
:103870008DF80B0001A97F4803F08AF940200190E0
:1038800002208DF808008DF8090001208DF80A004B
:1038900000208DF80B0001A9764803F079F9069411
:1038A0000020ADF81C00ADF81E00ADF82000ADF80A
:1038B00024000C20ADF822000020ADF81000ADF877
:1038C00012004FF40070ADF814000020ADF816009F
:1038D00006A9694807F00BFD04A9674807F0F7FD42
:1038E000012240F22551644808F09DF90121624807
:1038F00007F046FE0AB010BD70B505460E4600241E
:103900000AE0295D5D4802780078401C5B4B187026
:103910005B488154601CC4B2B442F2DB56480C30A0
:10392000008800F0800028B9012240F22771524837
:1039300008F079F970BD53490A780978491C514B50
:1039400019705149885419460978642902DB00210D
:103950001A461170704700B510E04C490A78097892
:10396000491C4A4B19704849885CFFF755FE474887
:103970000078642802DB0020444908704148007840
:10398000424909788842E8D100BD10B53A4800881C
:1039900000F0080018B13848001D0088C4B240F299
:1039A0002551354808F065FA58B140F225513248A2
:1039B00008F0EAFA3048001D0088C4B22046FFF73C
:1039C000BAFF40F227712C4808F053FAC0B13048D2
:1039D00001780078401C2E4A10702948405C264926
:1039E000091D08801046007824490978884207D1CB
:1039F00021480C30008820F080001F490C310880DD
:103A000010BD10B58AB0044606A807F054FD012188
:103A1000880404F0CFF80121022004F008F82720E0
:103A20008DF80C0002208DF80D0000208DF80E009E
:103A300001208DF80F0003A800F04BFC07220A219B
:103A4000144803F0B9FB07220B21124803F0B4FB22
:103A500022E000000000024000100140C9010020E7
:103A60007C0B0020CA0100207C0C0020CB01002030
:103A7000C8010020000C024000440040CD0100209D
:103A8000E00C0020CE010020E00D0020CF0100203E
:103A9000CC010020000402404FF48060019002201D
:103AA0008DF808008DF8090000208DF80A0001202B
:103AB0008DF80B0001A9FE4803F06AF84FF400608E
:103AC000019002208DF808008DF8090001208DF882
:103AD0000A0000208DF80B0001A9F54803F058F802
:103AE00006940020ADF81C00ADF81E00ADF82000D3
:103AF000ADF824000C20ADF822000020ADF8100035
:103B0000ADF812004FF40070ADF814000020ADF8CD
:103B1000160006A9E74807F0EAFB04A9E54807F004
:103B2000D6FC012240F22551E24808F07CF8012140
:103B3000E04807F025FD0AB010BD70B505460E46F9
:103B400000240AE0295DDC4802780078401CDA4B4A
:103B50001870DA488154601CC4B2B442F2DBD54814
:103B60000C30008800F0800028B9012240F2277153
:103B7000D04808F058F870BDD1490A780978491C36
:103B8000CF4B1970CF49885419460978642902DB54
:103B900000211A461170704700B510E0CA490A7832
:103BA0000978491CC84B1970C649885CFFF734FD79
:103BB000C5480078642802DB0020C3490870C0486B
:103BC0000078C14909788842E8D100BD10B5B948EC
:103BD000008800F0080018B1B648001D0088C4B283
:103BE00040F22551B34808F044F958B140F225514C
:103BF000B04808F0C9F9AF48001D0088C4B220469B
:103C0000FFF7BAFF40F22771AA4808F032F9C0B1B5
:103C1000AE4801780078401CAC4A1070A748405C60
:103C2000A449091D088010460078A34909788842F4
:103C300007D1A0480C30008820F080009D490C314D
:103C4000088010BD10B588B0044604A807F033FC06
:103C50000121C80403F0AEFF0121084603F0E7FE8E
:103C600034208DF80C0003208DF80D0001208DF814
:103C70000E008DF80F0003A800F02BFB0822002196
:103C8000934803F099FA08220121914803F094FA2D
:103C90000120019002208DF808008DF80900002015
:103CA0008DF80A0001208DF80B0001A9884802F068
:103CB0006FFF022001908DF808008DF809000120A7
:103CC0008DF80A0000208DF80B0001A9804802F051
:103CD0005FFF04940020ADF81400ADF81600ADF8B5
:103CE0001800ADF81C000C20ADF81A0004A97948A2
:103CF00007F0FDFA012240F22551764807F093FFC4
:103D00000121744807F03CFC08B010BD70B50546B1
:103D10000E4600240AE0295D6F4802780078401CB6
:103D20006D4B18706D488154601CC4B2B442F2DB14
:103D300068480C30008800F0800028B9012240F269
:103D40002771644807F06FFF70BD65490A780978EC
:103D5000491C634B197063498854194609786429D2
:103D600002DB00211A461170704710B510E05E4961
:103D70000A780978491C5C4B19705A49885CFEF72F
:103D8000D7FC59480078642802DB002056490870A7
:103D900053480078544909788842E8D110BD10B5DD
:103DA0004C48008800F0080018B14A48001D0088FF
:103DB000C4B240F22551474808F05BF858B140F2D0
:103DC0002551444808F0E0F84248001D0088C4B27C
:103DD0002046FFF7BAFF40F227713E4808F049F845
:103DE000C0B1424801780078401C404A10703B48FE
:103DF000405C3849091D088010460078364909782A
:103E0000884207D133480C30008820F080003149C7
:103E10000C31088010BD10B588B0044604A807F026
:103E20004AFB0121080503F0C5FE0121042003F02F
:103E3000FEFD0121082003F0FAFD35208DF80C006D
:103E400001208DF80D0000208DF80E0001208DF866
:103E50000F0003A800F03DFA08220C21244803F0CB
:103E6000ABF908220221234803F0A6F94FF4805051
:103E7000019002208DF808008DF8090000208DF8CF
:103E80000A0001208DF80B0001A9194802F080FEFC
:103E90000420019002208DF808008DF8090001200F
:103EA0008DF80A0000208DF80B0001A9114823E0CD
:103EB0000004024000480040D1010020440E0020D0
:103EC000D2010020440F0020D3010020D0010020A7
:103ED00000000240004C0040D5010020A80F002047
:103EE000D6010020A8100020D7010020D401002016
:103EF00000080240000C024002F04AFE0494002038
:103F0000ADF81400ADF81600ADF81800ADF81C00BF
:103F10000C20ADF81A0004A94C4807F0E8F901227A
:103F200040F22551494807F07EFE0121474807F03D
:103F300027FB08B010BD70B505460E4600240AE008
:103F4000295D434802780078401C414B1870414875
:103F50008154601CC4B2B442F2DB3C48808900F05A
:103F6000800028B9012240F22771384807F05BFE33
:103F700070BD39490A780978491C374B197037499F
:103F8000885419460978642902DB00211A46117009
:103F9000704710B510E032490A780978491C304B57
:103FA00019702E49885CFCF744FB2D480078642882
:103FB00002DB00202A490870274800782849097840
:103FC0008842E8D110BD10B52048008800F00800F4
:103FD00010B11E488088C4B240F225511B4807F03A
:103FE00048FF50B140F22551184807F0CDFF17485F
:103FF0008088C4B22046FFF7BCFF40F22771134807
:1040000007F037FFA8B1174801780078401C154A1F
:1040100010701048405C0D498880104600780C49AB
:104020000978884205D10948808920F08000074935
:10403000888110BD10B5FFF799FBFFF78CFCFFF7E7
:10404000ABFDFFF792FEFFF7A4FF10BD005000404C
:10405000D90100200C110020DA0100200C120020F0
:10406000DB010020D80100200648804706480047B1
:10407000FEE7FEE7FEE7FEE7FEE7FEE7FEE7FEE718
:10408000FEE7FEE769410008890100080CB5002041
:10409000019000907648006840F4803074490860D0
:1040A00000BF7348006800F4003000900198401C85
:1040B0000190009818B90198B0F5A06FF1D16C4843
:1040C000006800F4003010B10120009001E00020F1
:1040D00000900098012846D165484030006840F0C3
:1040E00080506349403108606248006840F4804075
:1040F000604908605E48083000685D490831086022
:104100000846006840F4004008600846006840F433
:10411000A05008605848091F0860081F006840F058
:104120008070091F086000BF5148006800F00070EF
:104130000028F9D040F20560504908604C4808302A
:10414000006820F003004A4908310860084600680A
:1041500040F00200086000BF45480830006800F0E9
:104160000C000828F8D10CBD10B54548006840F493
:104170007000434908603E48006840F001003C4937
:10418000086000203A4908310860394800683D4914
:104190000840374908603C48091D0860081F00684E
:1041A00020F48020091F0860002031490C3108608C
:1041B000FFF76CFF4FF0006031498039086010BD97
:1041C00070B500200022022300240221284D08356A
:1041D0002D6805F00C0020B1042806D0082834D141
:1041E00007E02A4D2A4E356033E02A4D284E3560CF
:1041F0002FE01F4D2D1D2D68C5F380541C4D2D1D26
:104200002D6805F03F0154B1224DB5FBF1F5184E74
:10421000361D3668C6F3881605FB06F209E01B4D0D
:10422000B5FBF1F5124E361D3668C6F3881605FB50
:1042300006F20F4D2D1D2D68C5F301456D1C6B0059
:10424000B2FBF3F5124E356003E0104D104E3560B1
:1042500000BF00BF064D08352D68C5F303150E4E8F
:10426000705D0B4D2D68C540094E356070BD000076
:10427000003802400070004008544007003C0240F3
:1042800088ED00E0FFFFF6FE103000240024F4006B
:10429000DC01002000127A00E001002010B5044685
:1042A000B4F5E06F0BD0B4F5C06F08D0B4F5A06FD3
:1042B00005D0B4F5806F02D0B4F5407F00D103E0A3
:1042C00073215F48FBF76AFF5E4820435E49086040
:1042D00010BD2DE9F0410446002500270F26E078A7
:1042E00010B1E078012800D103E087215448FBF7A2
:1042F00055FF6078102800DA03E088215048FBF76A
:104300004DFFA078102800DA03E089214C48FBF724
:1043100045FFE07818B34C48006800F4E060C0F551
:10432000E060C0F30725C5F10400C7B22E416078F4
:10433000B840C5B2A078304005432807050E434871
:1043400021784554207800F01F0101208840217811
:104350004911890001F1E021C1F8000109E020784C
:1043600000F01F010120884039492278521141F89C
:104370002200BDE8F08170B504460D46B4F1005F3F
:1043800002D0B4F1006F00D103E0B1212C48FBF75B
:1043900005FF3048854200D203E0B2212848FBF7F0
:1043A000FDFE2D4905EA010020432749091F086049
:1043B00070BD70B504460D46102C03D0042C01D0FE
:1043C000022C00D103E0C4211D48FBF7E7FE0DB12C
:1043D000012D00D103E0C5211948FBF7DFFE3DB1F7
:1043E0001948001D006820431749091D086006E0B0
:1043F0001548001D0068A0431349091D086070BDE1
:1044000010B50446042C01D0601D00B903E0DC2186
:104410000B48FBF7C3FE042C08D14FF0E0200069E5
:1044200040F004004FF0E021086107E04FF0E02089
:10443000006920F004004FF0E021086110BD000089
:104440003CCA00080000FA050CED00E000E400E0C2
:1044500080E100E0FFFF0F0080FFFF1F10B501218A
:10446000080203F08DFC00214FF4807003F088FCFB
:1044700010BD2DE9F04105460C4600260027F748FF
:10448000854205D0F648854202D0F648854200D1E3
:1044900003E0E921F448FBF781FE206858B1206869
:1044A000B0F1807F07D02068B0F1007F03D0206892
:1044B000B0F1407F00D103E0EA21EB48FBF76EFE4C
:1044C000207910B12079012800D103E0EB21E648E2
:1044D000FBF764FE607910B16079012800D103E038
:1044E000EC21E148FBF75AFEA06858B1A068B0F192
:1044F000805F07D0A068B0F1005F03D0A068B0F182
:10450000405F00D103E0ED21D748FBF747FEE068AC
:10451000D8B3E068B0F1807F37D0E068B0F1007FB9
:1045200033D0E068B0F1407F2FD0E068B0F1806F09
:104530002BD0E068B0F1A06F27D0E068B0F1C06F79
:1045400023D0E068B0F1E06F1FD0E068B0F1006FF9
:104550001BD0E068B0F1106F17D0E068B0F1206FA9
:1045600013D0E068B0F1306F0FD0E068B0F1406F69
:104570000BD0E068B0F1506F07D0E068B0F1606F29
:1045800003D0E068B0F1706F00D103E0EE21B648CF
:10459000FBF704FE206918B12069B0F5006F00D167
:1045A00003E0EF21B048FBF7F9FD207D012803DB94
:1045B000207D102800DC03E0F021AB48FBF7EEFD86
:1045C0006E68AA4806402179206840EA0120064327
:1045D0006E60AE68A6480640D4E903100843A1689F
:1045E0000843617940EA41000643AE60EE6A26F472
:1045F0007006207D401EC0B2074346EA0756EE62B1
:10460000BDE8F08100210160017141718160C160EC
:10461000016101210175704770B5044600252068CD
:1046200018B32068012820D0206802281DD02068F7
:1046300005281AD02068062817D02068072814D02B
:104640002068092811D0206811280ED0206812286F
:104650000BD02068152808D02068162805D02068BF
:10466000172802D02068192800D104E04FF4A9715E
:104670007D48FBF793FD606858B16068B0F5803FF6
:1046800007D06068B0F5003F03D06068B0F5403FE8
:1046900000D104E040F253117348FBF77FFDA0689E
:1046A00058B1A068B0F5804F07D0A068B0F5004FB2
:1046B00003D0A068B0F5404F00D104E04FF4AA71D8
:1046C0006948FBF76BFDE068D8B3E068B0F5807F20
:1046D00037D0E068B0F5007F33D0E068B0F5407FB8
:1046E0002FD0E068B0F5806F2BD0E068B0F5A06FF8
:1046F00027D0E068B0F5C06F23D0E068B0F5E06F78
:104700001FD0E068B0F5006F1BD0E068B0F5106F07
:1047100017D0E068B0F5206F13D0E068B0F5306FC7
:104720000FD0E068B0F5406F0BD0E068B0F5506F87
:1047300007D0E068B0F5606F03D0E068B0F5706F47
:1047400000D104E040F255114748FBF727FD4948E6
:10475000056849480540D4E900010843A1680843B9
:10476000E168084305433D48C0F8045370BD00218B
:10477000016041608160C160704770B504460D46BC
:104780003648844205D03648844202D035488442B7
:1047900000D104E040F28B113348FBF7FFFC0DB170
:1047A000012D00D104E04FF4C6712F48FBF7F6FC51
:1047B00025B1A06840F00100A06003E0A06820F0EF
:1047C0000100A06070BD70B505460C460026234868
:1047D000854205D02248854202D02248854200D138
:1047E00004E04FF4E3712048FBF7D8FC23488442EF
:1047F0000FD0234884420CD02248844209D0B4F51B
:10480000000F06D0B4F5800F03D0B4F5400F00D0F0
:1048100004B904E040F2C7111348FBF7BFFC6E680F
:104820001848C043064026436E6070BD70B504460C
:104830000E4615460948844205D00948844202D0F4
:104840000848844200D104E040F2E3110648FBF737
:10485000A5FCB6F5805F17DA1BE0000000200140E0
:10486000002101400022014084CA0008FFFEFFFC35
:10487000FDF7FFC004230140E030FCFF0002800090
:10488000000240000002C0004FF4F271FD48FBF747
:1048900085FCB5F5805F00DA04E040F2E511F948E7
:1048A000FBF77CFC6662A56270BD70B505460C46E0
:1048B0000026F548854205D0F448854202D0F448E8
:1048C000854200D104E04FF40371EE48FBF766FC2B
:1048D0001CB3012C21D0022C1FD0032C1DD0042C82
:1048E0001BD0052C19D0062C17D0072C15D0082C5E
:1048F00013D0092C11D00A2C0FD00B2C0DD00C2C5E
:104900000BD00D2C09D00E2C07D00F2C05D0102C5D
:1049100003D0112C01D0122C00D104E040F20D2163
:10492000D848FBF73BFC6E6826F01F0626436E60F6
:1049300070BD10B504460CB1012C00D104E04FF459
:104940001371D048FBF72AFC3CB1D248006840F410
:104950000000CD49C1F8040306E0CE48006820F409
:104960000000C949C1F8040310BD10B504460CB1DC
:10497000012C00D104E040F26221C248FBF70EFC9A
:104980003CB1C448006840F48000BF49C1F804034A
:1049900006E0C048006820F48000BB49C1F8040369
:1049A00010BD2DE9F04706460C46174698460025EF
:1049B000A946B548864205D0B448864202D0B448DC
:1049C000864200D104E04FF43271AE48FBF7E6FBBB
:1049D0001CB3012C21D0022C1FD0032C1DD0042C81
:1049E0001BD0052C19D0062C17D0072C15D0082C5D
:1049F00013D0092C11D00A2C0FD00B2C0DD00C2C5D
:104A00000BD00D2C09D00E2C07D00F2C05D0102C5C
:104A100003D0112C01D0122C00D104E040F2C921A6
:104A20009848FBF7BBFB012F02DB102F00DC04E0F2
:104A300040F2CA219348FBF7B1FBB8F1000F14D044
:104A4000B8F1010F11D0B8F1020F0ED0B8F1030F79
:104A50000BD0B8F1040F08D0B8F1050F05D0B8F1AC
:104A6000060F02D0B8F1070F00D104E040F2CB21CD
:104A70008448FBF793FB092C13DDF568A4F10A00C9
:104A800000EB4001072000FA01F925EA0905A4F12D
:104A90000A0000EB400008FA00F945EA0905F56054
:104AA0000EE0356904EB4401072000FA01F925EA1C
:104AB000090504EB440008FA00F945EA09053561E7
:104AC000072F11DA756B781E00EB80011F2000FAAA
:104AD00001F925EA0905781E00EB800004FA00F9C7
:104AE00045EA0905756326E00D2F11DA356BF81FCD
:104AF00000EB80011F2000FA01F925EA0905F81FE3
:104B000000EB800004FA00F945EA0905356312E07C
:104B1000F56AA7F10D0000EB80011F2000FA01F9F2
:104B200025EA0905A7F10D0000EB800004FA00F961
:104B300045EA0905F562BDE8F08710B5044652481C
:104B4000844205D05148844202D05148844200D169
:104B500004E040F23F314B48FBF720FBA06840F0F7
:104B60008040A06010BD70B50446002546488442D0
:104B700005D04648844202D04548844200D104E032
:104B800040F24E313F48FBF709FBA06800F480007B
:104B900008B1012500E00025284670BD70B5044627
:104BA0000D463948844205D03848844202D03848FE
:104BB000844200D104E040F26B313248FBF7EEFA58
:104BC0000DB1012D00D104E04FF45B712D48FBF7CE
:104BD000E5FA25B1A06840F48060A06003E0A06819
:104BE00020F48060A06070BD70B504460D46264874
:104BF000844205D02548844202D02548844200D111
:104C000004E04FF461711F48FBF7C8FA0DB1012DA4
:104C100000D104E040F285311A48FBF7BFFA25B114
:104C2000A06840F00200A06003E0A06820F002004D
:104C3000A06070BD2DE9F04104460D460026002716
:104C40001148844205D01148844202D01048844261
:104C500000D104E040F2A1310A48FBF79FFA012D90
:104C600002DB082D00DC04E040F2A2310548FBF72E
:104C700095FA666826F460466F1E46EA4736666017
:104C8000BDE8F08184CA00080020014000210140F5
:104C9000002201400423014070B504460D46F94846
:104CA000844205D0F848844202D0F848844200D1BA
:104CB00004E040F2BE31F648FBF770FA0DB1012D69
:104CC00000D104E040F2BF31F148FBF767FA25B1AB
:104CD000606840F40060606003E0606820F4006099
:104CE000606070BD10B50446E648844205D0E648D1
:104CF000844202D0E548844200D104E040F2D5313C
:104D0000E348FBF74BFAE06C80B210BDE148006865
:104D1000704770B504460D46DA48844205D0DA483B
:104D2000844202D0D948844200D104E040F21B41C1
:104D3000D748FBF733FA0DB1012D00D104E040F262
:104D40001C41D348FBF72AFA25B1A06840F48070D3
:104D5000A06003E0A06820F48070A06070BD70B512
:104D600004460D46C748844205D0C748844202D055
:104D7000C648844200D104E040F23341C448FBF706
:104D80000DFA0DB1012D00D104E040F23441C048CC
:104D9000FBF704FA25B1A06840F40070A06003E0BE
:104DA000A06820F40070A06070BD10B504460CB17E
:104DB000012C00D104E040F24E41B548FBF7EEF97A
:104DC00044B1B448001F006840F40050AD49C1F838
:104DD000040307E0AF48001F006820F40050A94911
:104DE000C1F8040310BD2DE9F04706460C46914674
:104DF0001D460027B846BA46A248864205D0A248BA
:104E0000864202D0A148864200D104E040F2A64189
:104E10009F48FBF7C3F91CB3012C21D0022C1FD0F3
:104E2000032C1DD0042C1BD0052C19D0062C17D018
:104E3000072C15D0082C13D0092C11D00A2C0FD018
:104E40000B2C0DD00C2C0BD00D2C09D00E2C07D018
:104E50000F2C05D0102C03D0112C01D0122C00D116
:104E600004E040F2A7418A48FBF798F9B9F1010F35
:104E700003DBB9F1040F00DC04E04FF495618448D2
:104E8000FBF78CF96DB1012D0BD0022D09D0032D4C
:104E900007D0042D05D0052D03D0062D01D0072DF8
:104EA00000D104E040F2A9417948FBF777F9092CD9
:104EB00013DDF768A4F10A0000EB4001072000FAB7
:104EC00001F827EA0807A4F10A0000EB400005FA00
:104ED00000F847EA0807F7600EE0376904EB440181
:104EE000072000FA01F827EA080704EB440005FA56
:104EF00000F847EA08073761B76BC7F3015A09F1B1
:104F000003000AF10101401A00EB80011F2000FAA2
:104F100001F827EA080709F103000AF10101401A24
:104F200000EB800004FA00F847EA0807B763BDE821
:104F3000F0872DE9F04104460D4600260027514830
:104F4000844205D05048844202D05048844200D167
:104F500004E040F2E6414E48FBF720F9012D02DB68
:104F6000042D00DC04E040F2E7414948FBF716F964
:104F7000A66B26F440166F1E46EA0756A663BDE8E8
:104F8000F081F8B505460C461646002000903D48D5
:104F9000854205D03C48854202D03C48854200D13C
:104FA00004E04FF4A1613A48FBF7F8F8142C05D05F
:104FB000182C03D01C2C01D0202C00D104E040F28E
:104FC00009513348FBF7EAF8B6F5805F00DA04E0F0
:104FD00040F20A512E48FBF7E1F800950098204472
:104FE000009000980660F8BD70B505460C46002696
:104FF0002448854205D02448854202D02348854272
:1050000000D104E040F22E512148FBF7C7F864B309
:10501000B4F5803F29D0B4F5003F26D0B4F5403F29
:1050200023D0B4F5802F20D0B4F5A02F1DD0B4F537
:10503000C02F1AD0B4F5E02F17D0B4F5002F14D03C
:10504000B4F5102F11D0B4F5202F0ED0B4F5302FB9
:105050000BD0B4F5402F08D0B4F5502F05D0B4F5DF
:10506000602F02D0B4F5702F00D104E040F22F5130
:105070000748FBF793F8AE6826F470262643AE6027
:1050800070BD0000002001400021014000220140CD
:1050900084CA00080823014070B504460D46002666
:1050A000E148844205D0E148844202D0E04884428D
:1050B00000D104E04FF4AA61DE48FBF76FF845B178
:1050C000B5F5801F05D0B5F5001F02D0B5F5401F1E
:1050D00000D104E040F25151D648FBF75FF8A668D2
:1050E00026F440162E43A66070BD10B50446CE4887
:1050F000844205D0CD48844202D0CD48844200D1BC
:1051000004E040F26451CB48FBF748F8A06840F453
:105110008000A06010BD70B504460025C2488442DE
:1051200005D0C248844202D0C148844200D104E084
:1051300040F27251BF48FBF731F8A06800F48000DC
:1051400008B1012500E00025284670BD70B5044671
:105150000D46B548844205D0B448844202D0B448D4
:10516000844200D104E040F28E51B248FBF716F8B9
:105170000DB1012D00D104E040F28F51AD48FBF795
:105180000DF825B1606840F48060606003E06068FD
:1051900020F48060606070BD70B504460D46A24882
:1051A000844205D0A148844202D0A148844200D163
:1051B00004E04FF4B5619F48FAF7F0FF0DB1012DFF
:1051C00000D104E040F2A9519A48FAF7E7FF25B16F
:1051D000606840F48050606003E0606820F48050B4
:1051E000606070BD38B505460C46002000908E48C2
:1051F000854205D08D48854202D08D48854200D138
:1052000004E040F2C6518B48FAF7C8FF142C05D0D1
:10521000182C03D01C2C01D0202C00D104E040F22B
:10522000C7518448FAF7BAFF009504F128000099A5
:10523000084400900098006880B238BD2DE9F04124
:1052400004460D46164600277748844205D0774825
:10525000844202D07648844200D104E040F23161B9
:105260007448FAF79BFF0EB1012E00D104E040F222
:1052700032617048FAF792FF40F2052085420AD069
:10528000B5F5837F07D040F20740854203D042F254
:105290001A00854200D104E040F233616548FAF714
:1052A0007DFFEFB2012000FA07F71EB160683843B6
:1052B000606002E06068B8436060BDE8F08170B58E
:1052C00005460C4600265848854205D05748854279
:1052D00002D05748854200D104E040F2566155485B
:1052E000FAF75CFF012C09D0022C07D0042C05D062
:1052F000082C03D0102C01D0202C00D104E040F267
:1053000057614C48FAF74AFF2868204008B1012647
:1053100000E00026304670BD70B504460D46424898
:10532000844205D04148844202D04148844200D1A1
:1053300004E04FF4CF613F48FAF730FF05F0C000BA
:1053400008B905B104E040F279613A48FAF726FF5E
:10535000E843206070BD2DE9F04105460C4600266B
:105360000027B0463048854205D03048854202D0FB
:105370002F48854200D104E04FF4D2612D48FAF75E
:105380000DFF40F2052084420AD0B4F5837F07D098
:1053900040F20740844203D042F21A00844200D116
:1053A00004E040F291612348FAF7F8FE271268689A
:1053B0000121A14000EA01082868384020B1B8F175
:1053C000000F01D0012600E000263046BDE8F08144
:1053D00070B505460C4600261348854205D0134893
:1053E000854202D01248854200D104E040F2B76104
:1053F0001048FAF7D3FE40F2052084420AD0B4F5F3
:10540000837F07D040F20740844203D042F21A0063
:10541000844200D104E04FF4D7610648FAF7BEFE9B
:105420002612F043286070BD002001400021014099
:105430000022014084CA000810B50446FE48844298
:105440003AD0FD481830844236D0FB483030844290
:1054500032D0F948483084422ED0F7486030844238
:105460002AD0F5487830844226D0F34890308442E0
:1054700022D0F148A83084421ED0F04884421BD08C
:10548000EE481830844217D0EC483030844213D0B4
:10549000EA48483084420FD0E848603084420BD05C
:1054A000E6487830844207D0E4489030844203D004
:1054B000E248A830844200D103E0BF21E048FAF777
:1054C0006DFE206820F001002060002020606060F8
:1054D000A060E060206121206061D748844204D14F
:1054E0003D20D549103988608CE0D348183084427B
:1054F00005D14FF47460D0491039886082E0CE48FD
:105500003030844205D14FF47410CB491039886093
:1055100078E0C9484830844205D14FF07460C649EC
:10552000103988606EE0C4486030844204D1C548B8
:10553000C1491039C86065E0BF487830844204D161
:10554000C148BD491039C8605CE0BB489030844216
:1055500004D1BE48B8491039C86053E0B648A830F5
:10556000844205D14FF03D50B3491039C86049E03D
:10557000B248844204D13D20B0490839086041E076
:10558000AE481830844205D14FF47460AB490839F5
:10559000086037E0A9483030844205D14FF47410D8
:1055A000A649083908602DE0A4484830844205D156
:1055B0004FF07460A1490839086023E09F486030CB
:1055C000844204D19F489D49091F08601AE09B4806
:1055D0007830844204D19C489849091F086011E042
:1055E00096489030844204D198489449091F086035
:1055F00008E09248A830844204D14FF03D508F49D2
:10560000091F086010BD70B505460C4600268A4883
:1056100085423AD088481830854236D086483030A6
:10562000854232D08448483085422ED0824860304E
:1056300085422AD080487830854226D07E489030F6
:10564000854222D07C48A83085421ED07B488542C6
:105650001BD07A481830854217D0784830308542C0
:1056600013D07648483085420FD074486030854268
:105670000BD072487830854207D070489030854210
:1056800003D06E48A830854200D104E04FF49E71EB
:105690006B48FAF783FD2068D8B12068B0F1007F2D
:1056A00017D02068B0F1806F13D02068B0F1C06FC0
:1056B0000FD02068B0F1006F0BD02068B0F1206FE0
:1056C00007D02068B0F1406F03D02068B0F1606F60
:1056D00000D104E040F23D115948FAF75FFDE0685F
:1056E00028B1E068402802D0E068802800D104E0BA
:1056F0004FF49F715248FAF751FD206920B120699B
:10570000B0F5803F00D204E040F23F114C48FAF778
:1057100045FD6069B0F5007F01D0606900B904E023
:105720004FF4A0714648FAF739FDA069B0F5806FD3
:1057300001D0A06900B904E040F241114048FAF7F5
:105740002DFDE06938B1E069B0F5006F03D0E06984
:10575000B0F5805F00D104E04FF4A1713848FAF74A
:105760001DFD206A38B1206AB0F5005F03D0206AC1
:10577000B0F5804F00D104E040F243113048FAF711
:105780000DFD606A18B1606AB0F5807F00D104E059
:105790004FF4A2712A48FAF701FDA06A58B1A06A35
:1057A000B0F5803F07D0A06AB0F5003F03D0A06AF3
:1057B000B0F5403F00D104E040F245112048FAF72F
:1057C000EDFCE06A10B1E06A042800D104E04FF477
:1057D000A3711B48FAF7E2FC206B40B1206B012853
:1057E00005D0206B022802D0206B032800D104E0F2
:1057F00040F247111248FAF7D1FC606B58B1606B68
:10580000B0F5000F07D0606BB0F1807F03D0606B04
:10581000B0F1C07F00D104E04FF4A4710848FAF75A
:10582000BDFCA06BC0B1A06BB0F5001F14D0A06B85
:10583000B0F5800F10D00BE0106002401064024001
:10584000D8CA00083D000020400F002000003D2085
:10585000A06BB0F5C00F00D104E040F24911FE4842
:10586000FAF79CFC2E68FD480640E1682068084372
:1058700061690843A1690843E1690843216A084353
:10588000616A0843A16A0843616B0843A16B08433E
:1058900006432E606E6926F00706D4E90B01084323
:1058A00006436E61206968606068A860A068E8606F
:1058B00070BD0021016041608160C1600161416192
:1058C0008161C161016241628162C16201634163C0
:1058D0008163704770B504460D46E14884423AD072
:1058E000DF481830844236D0DD483030844232D030
:1058F000DB48483084422ED0D948603084422AD0D8
:10590000D7487830844226D0D5489030844222D07F
:10591000D348A83084421ED0D24884421BD0D148FC
:105920001830844217D0CF483030844213D0CD484D
:10593000483084420FD0CB48603084420BD0C948F5
:105940007830844207D0C7489030844203D0C5489D
:10595000A830844200D104E040F2D911BE48FAF7E1
:105960001DFC0DB1012D00D104E04FF4ED71BA48DA
:10597000FAF714FC25B1206840F00100206003E034
:10598000206820F00100206070BD70B504460D460F
:10599000B34884423AD0B2481830844236D0B04836
:1059A0003030844232D0AE48483084422ED0AC48A9
:1059B000603084422AD0AA487830844226D0A84851
:1059C0009030844222D0A648A83084421ED0A548F8
:1059D00084421BD0A3481830844217D0A1483030ED
:1059E000844213D09F48483084420FD09D48603095
:1059F00084420BD09B487830844207D0994890303D
:105A0000844203D09748A830844200D104E040F299
:105A1000FD119148FAF7C2FB15B1B5F5004F00D161
:105A200004E04FF4FF718C48FAF7B8FB25B1206809
:105A300040F40040206003E0206820F40040206033
:105A400070BD70B504460D46854884423AD08448FE
:105A50001830844236D082483030844232D0804878
:105A6000483084422ED07E48603084422AD07C4820
:105A70007830844226D07A489030844222D07848C8
:105A8000A83084421ED0774884421BD07548183015
:105A9000844217D073483030844213D07148483064
:105AA00084420FD06F48603084420BD06D4878300C
:105AB000844207D06B489030844203D06948A830B4
:105AC000844200D104E040F221216348FAF766FBEA
:105AD0000DB1202D00D104E040F222215E48FAF7FA
:105AE0005DFB25B1206840F02000206003E02068C5
:105AF00020F02000206070BD70B504460D46584867
:105B000084423AD056481830844236D05448303017
:105B1000844232D05248483084422ED050486030BF
:105B200084422AD04E487830844226D04C48903067
:105B3000844222D04A48A83084421ED04948844238
:105B40001BD048481830844217D046483030844231
:105B500013D04448483084420FD0424860308442D9
:105B60000BD040487830844207D03E489030844281
:105B700003D03C48A830844200D104E040F27521B3
:105B80003548FAF70BFB656070BD10B50446344824
:105B900084423AD032481830844236D030483030CF
:105BA000844232D02E48483084422ED02C48603077
:105BB00084422AD02A487830844226D0284890301F
:105BC000844222D02648A83084421ED025488442F0
:105BD0001BD024481830844217D0224830308442E9
:105BE00013D02048483084420FD01E486030844291
:105BF0000BD01C487830844207D01A489030844239
:105C000003D01848A830844200D104E04FF4217139
:105C10001148FAF7C3FA606880B210BD70B5044647
:105C20000E4615460E48844242D00D481830844234
:105C30003ED00B48303084423AD009484830844244
:105C400036D007486030844232D0054878308442EC
:105C50002ED00348903007E0D8CA00083F801CF0DF
:105C60001060024010640240844221D0FE48844209
:105C70001ED0FE4884421BD0FC481830844217D006
:105C8000FA483030844213D0F848483084420FD06C
:105C9000F648603084420BD0F4487830844207D014
:105CA000F2489030844203D0F048A830844200D1BA
:105CB00004E040F2D221EE48FAF770FA15B1B5F5DA
:105CC000002F00D104E040F2D321E948FAF766FA48
:105CD00025B1206840F40020206003E0206820F413
:105CE00000202060266170BD70B504460D46DE4878
:105CF000A838844239D0DC489038844235D0DA481C
:105D00007838844231D0D848603884422DD0D64883
:105D10004838844229D0D4483038844225D0D248EB
:105D20001838844221D0D04884421ED0CF488442C3
:105D30001BD0CE481830844217D0CC483030844233
:105D400013D0CA48483084420FD0C84860308442DB
:105D50000BD0C6487830844207D0C4489030844283
:105D600003D0C248A830844200D104E04FF43C7113
:105D7000BF48FAF713FA0DB1012D00D104E040F24B
:105D8000F121BB48FAF70AFA25B1206840F48020D7
:105D9000206003E0206820F48020206070BD70B592
:105DA00004460E461546B048A838844239D0AE485D
:105DB0009038844235D0AC487838844231D0AA48F3
:105DC000603884422DD0A8484838844229D0A6485B
:105DD0003038844225D0A4481838844221D0A248C3
:105DE00084421ED0A14884421BD0A048183084426F
:105DF00017D09E483030844213D09C4848308442AB
:105E00000FD09A48603084420BD098487830844252
:105E100007D096489030844203D09448A8308442FA
:105E200000D104E040F21A319148FAF7B7F915B100
:105E3000B5F5002F00D104E040F21B318C48FAF791
:105E4000ADF90DB1266100E0E66070BD70B50446A5
:105E500000258548A838844239D083489038844248
:105E600035D081487838844231D07F4860388442C8
:105E70002DD07D484838844229D07B483038844230
:105E800025D079481838844221D0774884421ED0E2
:105E9000764884421BD075481830844217D0734826
:105EA0003030844213D07148483084420FD06F485C
:105EB000603084420BD06D487830844207D06B4804
:105EC0009030844203D06948A830844200D104E075
:105ED00040F235316648FAF761F9206800F4002095
:105EE00008B1012500E00025284670BD70B50446C4
:105EF00000255D48A838844239D05B4890388442F8
:105F000035D059487838844231D057486038844277
:105F10002DD055484838844229D0534830388442DF
:105F200025D051481838844221D04F4884421ED091
:105F30004E4884421BD04D481830844217D04B48FD
:105F40003030844213D04948483084420FD047480B
:105F5000603084420BD045487830844207D04348B3
:105F60009030844203D04148A830844200D104E0FC
:105F700040F2A2313E48FAF711F9206800F0010022
:105F800008B1012500E00025284670BD70B5044623
:105F900000253548A838844239D0334890388442A7
:105FA00035D031487838844231D02F486038844227
:105FB0002DD02D484838844229D02B48303884428F
:105FC00025D029481838844221D0274884421ED041
:105FD000264884421BD025481830844217D02348D5
:105FE0003030844213D02148483084420FD01F48BB
:105FF000603084420BD01D487830844207D01B4863
:106000009030844203D01948A830844200D104E083
:106010004FF471711648FAF7C1F8606900F038055D
:10602000284670BD2DE9F04105460C464FF00008AA
:1060300000270D48A838854240D00B48903885424B
:106040003CD009487838854238D0074860388542C6
:1060500034D005484838854230D00348303885422E
:106060002CD00148183805E0B860024010640240A6
:10607000D8CA0008854221D0F94885421ED0F94887
:1060800085421BD0F7481830854217D0F54830308C
:10609000854213D0F348483085420FD0F148603034
:1060A00085420BD0EF487830854207D0ED489030DC
:1060B000854203D0EB48A830854200D104E040F28D
:1060C000E131E948FAF76AF8E84884427CD0E748C9
:1060D0001038844278D0E5481838844274D0E448B7
:1060E000844271D0C01E84426ED0E24884426BD09C
:1060F000E148844268D0E148844265D0DB48E03022
:10610000844261D0D948203084425DD0B4F1815FAF
:106110005AD0DB48844257D0DA48844254D0DA4817
:10612000844251D0D94884424ED0B4F1C05F4BD0A4
:10613000B4F1A05F48D0B4F1905F45D0B4F1885F6E
:1061400042D0B4F1825F3FD0D14884423CD0D048A5
:106150001038844238D0CE481838844234D0001FDA
:10616000844231D0C01E84422ED0CA4884422BD0F3
:10617000C948844228D0C948844225D0C448E03068
:10618000844221D0C248203084421DD0C448844279
:106190001AD0C448844217D0C348844214D0C3489C
:1061A000844211D0C24884420ED0B4F1205F0BD09B
:1061B000B4F1105F08D0B4F1085F05D0B4F1045F0A
:1061C00002D0B4F1015F00D104E040F2E231A64810
:1061D000F9F7E4FFA348854202D2A14EB83E01E0A0
:1061E000A04E103E04F0005008B1776800E0376818
:1061F000B048074007EA040010B14FF0010801E081
:106200004FF000084046BDE8F08170B504460D46E9
:106210009348A838844239D091489038844235D088
:106220008F487838844231D08D48603884422DD0F0
:106230008B484838844229D089483038844225D058
:1062400087481838844221D0854884421ED085482A
:1062500084421BD083481830844217D081483030A4
:10626000844213D07F48483084420FD07D4860304C
:1062700084420BD07B487830844207D079489030F4
:10628000844203D07748A830844200D104E040F231
:1062900022417548F9F782FF05F04050B0F1405FA8
:1062A00007D005F0405020B18348284008B905B117
:1062B00004E040F223416C48F9F770FF69488442DA
:1062C00002D2674EB83E01E0664E103E05F0005027
:1062D00018B178482840F06002E076482840B06065
:1062E00070BD70B504460D4616465D48A838844218
:1062F00039D05B489038844235D059487838844248
:1063000031D05748603884422DD0554848388442AF
:1063100029D053483038844225D051481838844217
:1063200021D04F4884421ED04E4884421BD04D4855
:106330001830844217D04B483030844213D049483B
:10634000483084420FD04748603084420BD04548E3
:106350007830844207D043489030844203D041488B
:10636000A830844200D104E040F24F413E48F9F7A2
:1063700015FF25F09E0008B905B104E04FF48A61CD
:106380003948F9F70BFF0EB1012E00D104E040F2BD
:1063900051413548F9F702FF05F0800048B126B1B8
:1063A000606940F08000606103E0606920F0800077
:1063B0006061802D0BD02EB1206805F01E010843CE
:1063C000206004E0206805F01E018843206070BD55
:1063D0002DE9F04705460C464FF000080027B94666
:1063E0001F48A838854239D01D489038854235D09D
:1063F0001B487838854231D01948603885422DD005
:1064000017484838854229D015483038854225D06C
:1064100013481838854221D0114885421ED01148B2
:1064200085421BD00F481830854217D00D483030B8
:10643000854213D00B48483085420FD00948603060
:1064400085420BD007487830854207D00548903008
:10645000854203D00348A83085422FD133E00000A5
:10646000B860024010640240D8CA00082000001042
:10647000040080100008001000040010000200104A
:1064800000001010000008100000041000000110AF
:10649000200000200008002000040020000200204E
:1064A0000000202000001020000008200000042030
:1064B000000001207D0F7D0F82F082C040F28741F5
:1064C0008D48F9F76BFE8D48844278D08C48844221
:1064D00075D08C48844272D08B4884426FD08B48F0
:1064E00084426CD08A48844269D08A48844266D00B
:1064F0008948844263D08448FC3084425FD083481A
:106500003F3084425BD08548844258D084488442DE
:1065100055D08448844252D0834884424FD0834827
:1065200084424CD08248844249D08248844246D03A
:106530008148844243D08148844240D0804884428C
:106540003DD0804884423AD07F48844237D07F484B
:10655000844234D07E48844231D07E4884422ED05A
:106560007D4884422BD07D48844228D07C48844298
:1065700025D07748FC30844221D076483F30844291
:106580001DD0784884421AD07748844217D0774883
:10659000844214D07648844211D0764884420ED08A
:1065A000754884420BD07548844208D074488442B0
:1065B00005D07448844202D07348844200D104E07C
:1065C0004FF491614C48F9F7E9FD7048854201D2DA
:1065D0006F4E01E06D4E103E6E48204030B11E20DF
:1065E00000EAD427286800EA070902E0686900F099
:1065F000800904F0005008B1776800E03768664809
:10660000074007EA040028B1B9F1000F02D04FF0AB
:10661000010801E04FF000084046BDE8F08770B582
:1066200004460D465A48103084423AD05848283023
:10663000844236D056484030844232D05448583094
:1066400084422ED05248703084422AD0504888303C
:10665000844226D04E48A030844222D04C48B830E4
:1066600084421ED0494884421BD048481830844296
:1066700017D046483030844213D0444848308442D2
:106680000FD04248603084420BD04048783084427A
:1066900007D03E489030844203D03C48A830844222
:1066A00000D104E040F2D7411348F9F777FD05F037
:1066B0004050B0F1405F07D005F0405020B11DB10F
:1066C0003648284000B904E04FF49B610A48F9F7C6
:1066D00065FD2E48844201D22D4E01E02B4E103E26
:1066E00005F0005018B12C482840F06002E02A481C
:1066F0002840B06070BD0000D8CA0008208000109B
:10670000104000100820001004100010010000903C
:1067100000880010004400100022001000802010AB
:10672000004010100020081000100410000001901C
:10673000008000180040001400200012001000111A
:106740000000409020800020104000200820002001
:1067500004100020010000A0008800200044002058
:10676000002200200080202000401020002008206F
:1067700000100420000001A0008000280040002438
:106780000020002200100021000040A01064024000
:10679000006002403C0F3C0F7D0F7D0F8200824065
:1067A0000020B1490860091D0860091D0860091D25
:1067B0000860AE48AC4914310860704770B50446B3
:1067C0000025207910B12079042800D103E07C2134
:1067D000A748F9F7E3FC6079082805D060790C2810
:1067E00002D06079102800D103E07D21A048F9F79C
:1067F000D5FC20686FF3160010B9206800B103E0E3
:106800007E219B48F9F7CAFCA07910B1A079012834
:1068100000D103E07F219648F9F7C0FC924DA079A2
:1068200090B3284600682168884329460860081DFF
:10683000006821688843291D08602079054428687C
:106840002168084328608848083000682168884328
:10685000854908310860081D00682168884382491D
:106860000C310860607910280FD1081F006821687A
:1068700008437D4908310860081D00682168084305
:1068800079490C3108600EE007E0774D60790544E6
:10689000286821680843286005E0207905442868B5
:1068A00021688843286070BD0021016001710C21BE
:1068B000417100218171704710B50446E00DC0059B
:1068C00008B904B103E0C1216948F9F767FC6648DB
:1068D00010300068204364491031086010BD70B565
:1068E00004460025012C3AD0022C38D0042C36D096
:1068F000082C34D0102C32D0202C30D0402C2ED06C
:10690000802C2CD0B4F5807F29D0B4F5007F26D020
:10691000B4F5806F23D0B4F5006F20D0B4F5805F5C
:106920001DD0B4F5005F1AD0B4F5804F17D0B4F580
:10693000004F14D0B4F5803F11D0B4F5003F0ED015
:10694000B4F5802F0BD0B4F5002F08D0B4F5801F1C
:1069500005D0B4F5001F02D0B4F5800F00D103E0DC
:10696000E0214348F9F71AFC3F4814300068204002
:1069700008B1012500E00025284670BD10B5044689
:10698000E00DC00508B904B103E0F6213848F9F775
:1069900005FC35481430046010BD70B50446002570
:1069A0000026012C3AD0022C38D0042C36D0082CEA
:1069B00034D0102C32D0202C30D0402C2ED0802C33
:1069C0002CD0B4F5807F29D0B4F5007F26D0B4F563
:1069D000806F23D0B4F5006F20D0B4F5805F1DD058
:1069E000B4F5005F1AD0B4F5804F17D0B4F5004F5E
:1069F00014D0B4F5803F11D0B4F5003F0ED0B4F5FB
:106A0000802F0BD0B4F5002F08D0B4F5801F05D02F
:106A1000B4F5001F02D0B4F5800F00D104E04FF4AC
:106A200083711348F9F7BAFB0F48006800EA0406BF
:106A30000D4814300068204010B10EB1012500E06F
:106A40000025284670BD10B50446E00DC00508B904
:106A500004B104E040F21D110548F9F79FFB02481C
:106A60001430046010BD0000003C0140FFFF7F00B7
:106A70002CCB000810B50446FA48844217D0FA48D7
:106A8000844214D0F948844211D0F94884420ED08F
:106A9000F84884420BD0F848844208D0F748844232
:106AA00005D0F748844202D0F648844200D103E082
:106AB0007B21F548F9F772FBEA48844208D10121AD
:106AC000084601F0C1F80021012001F0BDF85EE0A8
:106AD000E548844208D10121022001F0B5F80021E7
:106AE000022001F0B1F852E0E048844208D10121CF
:106AF000042001F0A9F80021042001F0A5F846E0E7
:106B0000DB48844208D10121082001F09DF80021D2
:106B1000082001F099F83AE0D648844208D10121D2
:106B2000102001F091F80021102001F08DF82EE0E6
:106B3000D148844208D10121202001F085F80021AC
:106B4000202001F081F822E0CC48844208D10121C4
:106B5000402001F079F80021402001F075F816E09E
:106B6000C748844208D10121802001F06DF800213E
:106B7000802001F069F80AE0C248844207D101216F
:106B8000801501F061F80021A01501F05DF810BD3D
:106B90002DE9F04104460D4600260027B046B148D5
:106BA000844217D0B048844214D0B048844211D0F7
:106BB000AF4884420ED0AF4884420BD0AE488442E6
:106BC00008D0AE48844205D0AD48844202D0AD48DA
:106BD000844200D103E0BB21AB48F9F7DFFA002083
:106BE00010B9286800B103E0BC21A748F9F7D6FA2C
:106BF000287940B12879012805D02879022802D0C7
:106C00002879032800D103E0BD219F48F9F7C6FA8F
:106C1000E87928B1E879012802D0E879022800D182
:106C200003E0BE219848F9F7B9FA002657E00120A1
:106C300000FA06F7286800EA0708B8454ED1206830
:106C400072000321914088432060287971008840B8
:106C50002168084320602879012802D02879022879
:106C600030D1687940B16879012805D06879022867
:106C700002D06879032800D103E0D0218248F9F7D7
:106C80008DFAA0687200032191408843A060687962
:106C900071008840A1680843A060A87910B1A87964
:106CA000012800D103E0D7217748F9F777FA616826
:106CB0000120B040814361606068A979B14089B228
:106CC00008436060E0687200032191408843E060FF
:106CD000E87971008840E1680843E060761C102E76
:106CE000A5D3BDE8F0814FF6FF710160002101716D
:106CF00041718171C171704738B504460D464FF43A
:106D0000803000905748844217D05748844214D0AE
:106D10005648844211D0564884420ED05548844289
:106D20000BD05548844208D05448844205D054487A
:106D3000844202D05348844200D104E04FF482716F
:106D40005148F9F72BFA002008B905B104E040F2E8
:106D500005114D48F9F722FA009828430090009851
:106D6000E061E5610098E061E0690090E069009011
:106D700038BD70B505460C4600263A48854217D006
:106D80003948854214D03948854211D03848854267
:106D90000ED0384885420BD03748854208D0374856
:106DA000854205D03648854202D03648854200D11A
:106DB00004E04FF498713448F9F7F0F9012C25D02C
:106DC000022C23D0042C21D0082C1FD0102C1DD035
:106DD000202C1BD0402C19D0802C17D0B4F5807FEC
:106DE00014D0B4F5007F11D0B4F5806F0ED0B4F597
:106DF000006F0BD0B4F5805F08D0B4F5005F05D00C
:106E0000B4F5804F02D0B4F5004F00D104E040F259
:106E100031111D48F9F7C2F92869204008B101264F
:106E200000E00026304670BD10B504460D4884428F
:106E300017D00D48844214D00C48844211D00C481D
:106E400084420ED00B4884420BD00B48844208D0B9
:106E50000A48844205D00A48844202D00948844244
:106E600014D118E000000240000402400008024073
:106E7000000C0240001002400014024000180240C2
:106E8000001C02400020024080CB00084FF4A37198
:106E9000FE48F9F783F9206980B210BD70B5054648
:106EA0000C460026FA48854217D0FA48854214D08D
:106EB000F948854211D0F94885420ED0F8488542FC
:106EC0000BD0F848854208D0F748854205D0F748EE
:106ED000854202D0F648854200D104E040F25711C5
:106EE000EA48F9F75BF9012C25D0022C23D0042CB9
:106EF00021D0082C1FD0102C1DD0202C1BD0402CB2
:106F000019D0802C17D0B4F5807F14D0B4F5007F51
:106F100011D0B4F5806F0ED0B4F5006F0BD0B4F57E
:106F2000805F08D0B4F5005F05D0B4F5804F02D083
:106F3000B4F5004F00D104E04FF4AC71D348F9F739
:106F40002DF96869204008B1012600E0002630468E
:106F500070BD10B50446CE48844217D0CD48844257
:106F600014D0CD48844211D0CC4884420ED0CC48B5
:106F700084420BD0CB48844208D0CB48844205D011
:106F8000CA48844202D0CA48844200D104E040F298
:106F90006D11BE48F9F702F9606980B210BD70B595
:106FA00004460D46BA48844217D0BA48844214D0E9
:106FB000B948844211D0B94884420ED0B8488442BE
:106FC0000BD0B848844208D0B748844205D0B748AF
:106FD000844202D0B648844200D104E040F27F11DE
:106FE000AA48F9F7DBF8002008B905B104E04FF42E
:106FF000C071A648F9F7D2F8258370BD70B5044674
:107000000D46A348844217D0A248844214D0A24817
:10701000844211D0A14884420ED0A14884420BD0B2
:10702000A048844208D0A048844205D09F488442AA
:1070300002D09F48844200D104E04FF4C9719348C4
:10704000F9F7ACF8002008B905B104E040F293115B
:107050008E48F9F7A3F8658370BD70B505460C46F8
:1070600016468B48854217D08A48854214D08A48F4
:10707000854211D0894885420ED0894885420BD07F
:107080008848854208D08848854205D0874885428F
:1070900002D08748854200D104E04FF4D3717B4889
:1070A000F9F77CF8012C25D0022C23D0042C21D018
:1070B000082C1FD0102C1DD0202C1BD0402C19D0F8
:1070C000802C17D0B4F5807F14D0B4F5007F11D098
:1070D000B4F5806F0ED0B4F5006F0BD0B4F5805FBF
:1070E00008D0B4F5005F05D0B4F5804F02D0B4F5F8
:1070F000004F00D104E040F2A7116448F9F74EF8C0
:107100000EB1012E00D104E04FF4D4715F48F9F7BD
:1071100045F80EB12C8300E06C8370BD70B5044659
:107120000D465B48844217D05A48844214D05A48CE
:10713000844211D0594884420ED0594884420BD021
:107140005848844208D05848844205D05748844261
:1071500002D05748844200D104E040F2BD114B48B0
:10716000F9F71CF8656170BD70B504460D464848D6
:10717000844217D04748844214D04748844211D0F3
:10718000464884420ED0464884420BD0454884424B
:1071900008D04548844205D04448844202D044483F
:1071A000844200D104E040F2CB113848F8F7F6FFF2
:1071B00060696840606170BD2DE9F04106460D468A
:1071C00014460027B8463248864217D031488642D6
:1071D00014D03148864211D0304886420ED0304813
:1071E00086420BD02F48864208D02F48864205D0D1
:1071F0002E48864202D02E48864200D104E040F25A
:1072000017212248F8F7CAFFEDB1012D1BD0022D3E
:1072100019D0032D17D0042D15D0052D13D0062D10
:1072200011D0072D0FD0082D0DD0092D0BD00A2D10
:1072300009D00B2D07D00C2D05D00D2D03D00E2D10
:1072400001D00F2D00D104E04FF406710F48F8F77C
:10725000A5FF7CB3092C47D064B35CB354B34CB3E3
:10726000012C41D040D0022C3ED03DD03CD0032C4C
:107270003AD0042C38D037D036D0052C34D033D087
:10728000092C31D0062C2FD0092C14E080CB00081B
:10729000000002400004024000080240000C0240CE
:1072A000001002400014024000180240001C02407E
:1072B0000020024018E017D0072C15D014D013D0AE
:1072C000082C11D010D00FD0092C0DD00CD00A2CC6
:1072D0000AD009D00B2C07D00C2C05D004D003D039
:1072E0000D2C01D00F2C00D104E040F219211248DE
:1072F000F8F754FF6807C00E04FA00F7E91006F12A
:10730000200050F821006907CA0E0F2191408843E0
:10731000EA1006F1200141F82200E91006F12000F0
:1073200050F8210040EA0708E91006F1200040F873
:107330002180BDE8F081000080CB0008F94800689A
:1073400040F00100F74908600020F6490831086064
:10735000F4480068F4490840F2490860F348091D00
:107360000860081F006820F48020091F08600020C2
:10737000EC490C310860704710B504461CB1012C73
:1073800001D0052C00D103E0F021E948F8F706FF11
:107390000020E449891C08700846047010BD2DE9DE
:1073A000F0410446002500260027212C17D0312C5F
:1073B00015D0392C13D0412C11D0612C0FD0792C41
:1073C0000DD07A2C0BD07B2C09D07C2C07D07D2CB7
:1073D00005D07E2C03D07F2C01D03B2C00D104E0C3
:1073E00040F29C61D248F8F7D9FE6511012D02D117
:1073F000CC48066808E0022D03D1CA487030066800
:1074000002E0C8487430066804F01F050120A84057
:10741000304008B1012700E000273846BDE8F08180
:1074200038B5002000900024002500BF3120FFF770
:10743000B6FF05460098401C00900098B0F5A06F7C
:1074400001D0002DF2D03120FFF7A9FF08B10124AF
:1074500000E00024204638BD70B5044600251F2CEE
:1074600000DC04E04FF49471B148F8F797FEAD48A2
:10747000056825F0F80545EAC405056070BD10B53E
:1074800004460CB1012C00D104E040F24B11A84895
:10749000F8F784FEA748046010BD10B504461CB17F
:1074A000012C01D0042C00D104E04FF4B271A048AB
:1074B000F8F774FE00209B49703108700870012CA9
:1074C00002D0042C0AD104E00120964970310870E2
:1074D00005E0052093497031087000E000BF00BF4F
:1074E00010BD10B504460CB1012C00D104E04FF4DE
:1074F000C6718F48F8F752FE8F48046010BD2DE921
:10750000F04105460F4616461C46DDF8188015B1B9
:10751000B5F5800F00D104E040F2B7118448F8F7C8
:107520003DFE3F2F00D804E04FF4DC718048F8F7AF
:1075300035FEC02E03D3B6F5D87F00D804E040F264
:10754000B9117B48F8F72AFE022C05D0042C03D091
:10755000062C01D0082C00D104E04FF4DD717448F2
:10756000F8F71CFEB8F1040F03D3B8F10F0F00D8E1
:1075700004E040F2BB116E48F8F710FE47EA8610AF
:107580000121C1EB540140EA0140284340EA086070
:107590006449091D0860BDE8F08110B504460CB1CE
:1075A000012C00D104E04FF4E7716148F8F7F6FDD3
:1075B0006048046610BD70B505460C46C02D03D367
:1075C000B5F5D87F00D804E04FF4F4715848F8F7C7
:1075D000E5FD022C02D3072C00D804E040F2E911AB
:1075E0005348F8F7DBFDA80140EA04704D498431A7
:1075F000086070BD10B504460CB1012C00D104E048
:1076000040F2F7114A48F8F7C9FD4A48846610BDB0
:1076100010B504460CB1012C00D104E040F2092160
:107620004348F8F7BBFD4348C46410BD70B5054638
:107630000C46002645B1B5F5001F05D0B5F5800F05
:1076400002D0B5F5C00F00D104E04FF409713848FD
:10765000F8F7A4FD5CB1B4F1806F08D0B4F1A06F6D
:1076600005D0B4F1C06F02D0B4F1E06F00D104E0F6
:1076700040F225212E48F8F791FD2A480830066887
:1076800026F0EC6645EA040006432648083006600A
:1076900070BD70B505460C46002645B1B5F1804F6A
:1076A00005D0B5F1004F02D0B5F1404F00D104E054
:1076B00040F24A211E48F8F771FD5CB1B4F1005F59
:1076C00008D0B4F1205F05D0B4F1405F02D0B4F12E
:1076D000605F00D104E040F24B211548F8F75EFDF1
:1076E00010480830066826F0784645EA040006434C
:1076F0000C480830066070BD70B5044600251CB10A
:10770000012C01D0022C00D104E04FF42D71084867
:10771000F8F744FD03480830056825F003052543C4
:10772000056070BD00380240FFFFF6FE10300024F7
:10773000D4CB000800004742800E4742F64800685C
:1077400000F00C00704770B5044600257CB1802C19
:107750000DD0902C0BD0A02C09D0B02C07D0C02C71
:1077600005D0D02C03D0E02C01D0F02C00D104E0C7
:1077700040F2E921E948F8F711FDE748056825F0EE
:10778000F0052543056070BD70B5044600255CB169
:10779000B4F5805F08D0B4F5A05F05D0B4F5C05F44
:1077A00002D0B4F5E05F00D104E040F20931DB48DB
:1077B000F8F7F4FCD848056825F4E0552543056042
:1077C00070BD70B5044600255CB1B4F5805F08D08B
:1077D000B4F5A05F05D0B4F5C05F02D0B4F5E05FAA
:1077E00000D104E04FF44A71CC48F8F7D7FCCA48FE
:1077F000056825F4604545EAC405056070BDF0B52F
:10780000002100220024022500260223C24F3F68E7
:1078100007F00C0121B1042905D0082937D105E072
:10782000BF4F076036E0BF4F076033E0BA4F3F1FDE
:107830003F68C7F38056B84F3F1F3F6807F03F03CC
:107840006EB1B84FB7FBF3F7DFF8CCC2ACF1040C64
:10785000DCF800C0CCF3881C07FB0CF40CE0B04F44
:10786000B7FBF3F7DFF8B0C2ACF1040CDCF800C0F2
:10787000CCF3881C07FB0CF4A74F3F1F3F68C7F3EE
:1078800001477F1C7D00B4FBF5F7076002E0A44FC1
:10789000076000BF00BFA04F3F6807F0F001090973
:1078A000A14F7A5C0768D74047609B4F3F6807F459
:1078B000E051890A9C4F7A5C4768D7408760964FB1
:1078C0003F6807F46041490B974F7A5C4768D7409F
:1078D000C760F0BD70B504460025B4F5807F5CD06C
:1078E000B4F5007F59D09148844256D090488442E4
:1078F00053D09048844250D08F4884424DD08F4816
:1079000084424AD08E48844247D08E48844244D034
:107910008D48844241D08D4884423ED08C48844278
:107920003BD08C48844238D08B48844235D08B4839
:10793000844232D08A4884422FD08A4884422CD054
:107940008948844229D08948844226D08848844284
:1079500023D08848844220D0874884421DD087485D
:1079600084421AD08648844217D08648844214D074
:107970008548844211D0854884420ED08448844290
:107980000BD08448844208D08348844205D0834881
:10799000844202D08248844200D104E040F2D931CE
:1079A0005E48F8F7FBFB04F44070B0F5407F09D166
:1079B0005948056825F4F8157A4904EA0100054399
:1079C00055480560544868300068C4F30B0108430B
:1079D00051496831086070BD10B504460CB1012CE6
:1079E00000D104E040F2F7314C48F8F7D7FB6E487D
:1079F000046010BD10B504460CB1012C00D104E0A8
:107A00004FF481614548F8F7C9FB6748001D0460E1
:107A100010BD10B504460CB1012C00D104E040F2B9
:107A200019413E48F8F7BAFB6048046010BD70B5D4
:107A300004460D465E48204008B904B104E04FF406
:107A400088613648F8F7AAFB0DB1012D00D104E09A
:107A500040F242413148F8F7A1FB3DB12E482830B1
:107A6000006820432C492831086006E02A48283065
:107A70000068A04328492831086070BD70B50446ED
:107A80000D4624F0F10008B904B104E04FF48C6114
:107A90002248F8F783FB0DB1012D00D104E040F23C
:107AA00061411E48F8F77AFB3DB11B482C30006855
:107AB000204319492C31086006E017482C30006833
:107AC000A04315492C31086070BD70B504460D46C1
:107AD00024F0010008B904B104E040F27B410F48F2
:107AE000F8F75CFB0DB1012D00D104E040F27C41C0
:107AF0000A48F8F753FB3DB107483030006820438F
:107B000005493031086006E0034830300068A04382
:107B100001493031086070BD08380240D4CB0008FC
:107B20000024F40000127A00F0010020000302009B
:107B30000003030000030400000305000003060027
:107B400000030700000308000003090000030A0007
:107B500000030B0000030C0000030D0000030E00E7
:107B600000030F00000310000003110000031200C7
:107B700000031300000314000003150000031600A7
:107B800000031700000318000003190000031A0087
:107B900000031B0000031C0000031D0000031E0067
:107BA00000031F00FFFCFF0F3C0E47425C014742F1
:107BB00000EE8B8170B504460D46FA48204008B9A6
:107BC00004B104E040F2AD41F748F8F7E7FA0DB12F
:107BD000012D00D104E040F2AE41F348F8F7DEFA9F
:107BE0002DB1F24800682043F049086004E0EF48F6
:107BF0000068A043ED49086070BD70B504460D46AD
:107C0000EB48204008B904B104E040F2D541E64811
:107C1000F8F7C4FA0DB1012D00D104E040F2D641CD
:107C2000E148F8F7BBFA3DB1E048001D0068204389
:107C3000DE49091D086006E0DC48001D0068A0431D
:107C4000DA49091D086070BD70B504460D46D94873
:107C5000204008B904B104E040F2FC41D248F8F7F2
:107C60009DFA0DB1012D00D104E040F2FD41CE4856
:107C7000F8F794FA3DB1CD48303800682043CB493D
:107C80003039086006E0C94830380068A043C74969
:107C90003039086070BD70B504460D4624F0F1001F
:107CA00008B904B104E040F21951BF48F8F776FA78
:107CB0000DB1012D00D104E040F21A51BA48F8F795
:107CC0006DFA3DB1B9482C3800682043B7492C39CA
:107CD000086006E0B5482C380068A043B3492C3949
:107CE000086070BD70B504460D4624F0010008B967
:107CF00004B104E040F23151AB48F8F74FFA0DB14E
:107D0000012D00D104E040F23251A748F8F746FABD
:107D10003DB1A648283800682043A44928390860A6
:107D200006E0A24828380068A043A0492839086026
:107D300070BD70B504460D469A48204008B904B19C
:107D400004E04FF4AC619848F8F728FA0DB1012D22
:107D500000D104E040F261519348F8F71FFA3DB1B9
:107D6000924820380068204390492039086006E096
:107D70008E4820380068A0438C492039086070BDC7
:107D800070B504460D468C48204008B904B104E0A3
:107D900040F284518448F8F701FA0DB1012D00D169
:107DA00004E040F285518048F8F7F8F93DB17F488A
:107DB0001C38006820437D491C39086006E07B4878
:107DC0001C380068A04379491C39086070BD70B543
:107DD00004460D467948204008B904B104E040F259
:107DE000B2517148F8F7DAF90DB1012D00D104E074
:107DF00040F2B3516C48F8F7D1F93DB16B481030FF
:107E00000068204369491031086006E06748103077
:107E10000068A04365491031086070BD70B5044624
:107E20000D4624F0F10008B904B104E040F2D2514B
:107E30005D48F8F7B3F90DB1012D00D104E040F22F
:107E4000D3515948F8F7AAF93DB1584814300068A1
:107E5000204356491431086006E054481430006845
:107E6000A04352491431086070BD70B504460D46F8
:107E700024F0010008B904B104E040F2ED514A4891
:107E8000F8F78CF90DB1012D00D104E040F2EE516C
:107E90004548F8F783F93DB144481830006820435D
:107EA00042491831086006E0404818300068A04395
:107EB0003E491831086070BD70B504460D4639481A
:107EC000204008B904B104E040F21F613648F8F7D9
:107ED00065F90DB1012D00D104E04FF4C4613248C1
:107EE000F8F75CF93DB131482030006820432F4954
:107EF0002031086006E02D4820300068A0432B495F
:107F00002031086070BD70B504460D4628482040F9
:107F100008B904B104E040F247612348F8F73EF99C
:107F20000DB1012D00D104E04FF4C9611E48F8F7EE
:107F300035F93DB11D482430006820431B492431E8
:107F4000086006E0194824300068A043174924312E
:107F5000086070BD70B504460D4604F0C00008B955
:107F600004B104E040F274610F48F8F717F90DB15D
:107F7000012D00D104E040F275610B48F8F70EF9CD
:107F80003DB10A4833380078204308493339087036
:107F900006E0064833380078A043044933390870B6
:107FA00070BD0000003601C9D4CB00084038024043
:107FB000CCA0F8FF00EE9FDDCCA6F8FF006E988104
:107FC0001B48006840F0807019490860704770B520
:107FD00004460025012C0BD0022C09D0042C07D01C
:107FE000082C05D0102C03D0802C01D0202C00D1DF
:107FF00004E040F2DA610F48F8F7D0F80C4868382E
:108000000068204008B1012500E00025284670BD29
:1080100010B5044604F0400008B904B104E040F291
:10802000F9610448F8F7BAF801486638047010BDE1
:1080300074380240D4CB000810B50446FE48844290
:1080400026D0B4F1804F23D0FC48844220D0FC4895
:1080500084421DD0FB4884421AD0FB48844217D08A
:10806000FA48844214D0FA48844211D0F948844234
:108070000ED0F94884420BD0F848844208D0F84822
:10808000844205D0F748844202D0F748844200D1A8
:1080900003E0C521F548F8F781F8E748844208D1A4
:1080A00001210846FFF76CFE00210120FFF768FE62
:1080B0009DE0B4F1804F08D101210846FFF739FE59
:1080C00000210120FFF735FE91E0DC48844208D111
:1080D00001210220FFF72DFE00210220FFF729FEDB
:1080E00085E0D748844208D101210420FFF721FE12
:1080F00000210420FFF71DFE79E0D248844208D118
:1081000001210820FFF715FE00210820FFF711FECE
:108110006DE0CD48844208D101211020FFF709FE0F
:1081200000211020FFF705FE61E0C848844208D115
:1081300001212020FFF7FDFD00212020FFF7F9FDA0
:1081400055E0C348844208D101210220FFF718FE00
:1081500000210220FFF714FE49E0BE48844209D105
:1081600001210804FFF70CFE00214FF48030FFF7D7
:1081700007FE3CE0B848844209D101214804FFF7DA
:10818000FFFD00214FF40030FFF7FAFD2FE0B34868
:10819000844209D101218804FFF7F2FD00214FF448
:1081A0008020FFF7EDFD22E0AD48844208D1012197
:1081B0004020FFF7BEFD00214020FFF7BAFD16E08A
:1081C000A848844208D101218020FFF7B2FD002198
:1081D0008020FFF7AEFD0AE0A348844207D10121C9
:1081E0008015FFF7A6FD0021A015FFF7A2FD10BD29
:1081F00070B504460D4600268F48844226D0B4F15F
:10820000804F23D08D48844220D08D4884421DD099
:108210008C4884421AD08C48844217D08B488442C0
:1082200014D08B48844211D08A4884420ED08A48A8
:1082300084420BD08948844208D08948844205D0C2
:108240008848844202D08848844200D104E040F249
:108250001F118648F7F7A2FF688858B16888102870
:1082600008D06888202805D06888402802D068880F
:10827000602800D104E04FF490717C48F7F78EFF3E
:10828000288938B12889B0F5807F03D02889B0F5D6
:10829000007F00D104E040F221117448F7F77EFF1F
:1082A0002688654884420ED0694884420BD0B4F1D8
:1082B000804F08D06148844205D06148844202D092
:1082C0006048844204D14FF68F70064068880643A8
:1082D0005D48844207D05D48844204D04FF6FF4099
:1082E00006402889064326806868E0622888208541
:1082F0005148844202D05648844201D1A87A20864F
:108300000120A08270BD4FF0FF314160002101804B
:10831000018141808172704770B504460E46154652
:108320004548844226D0B4F1804F23D0434884424C
:1083300020D0434884421DD0424884421AD042484B
:10834000844217D04148844214D04148844211D01D
:10835000404884420ED0404884420BD03F4884427B
:1083600008D03F48844205D03E48844202D03E486F
:10837000844200D104E040F265113C48F7F70EFF5B
:108380000DB1012D00D104E04FF4B3713748F7F778
:1083900005FF2685A58270BD70B504460D460026F2
:1083A000254884420ED0B4F1804F0BD0234884423C
:1083B00008D02348844205D02248844202D0244871
:1083C000844200D104E04FF4BF712848F7F7E6FE7D
:1083D0003DB1102D05D0202D03D0402D01D0602DB2
:1083E00000D104E040F27F112048F7F7D7FE26883D
:1083F0004FF68F7006402E43268070BD70B5044640
:108400000D460D48844243D0B4F1804F40D00B4814
:1084100084423DD00A4884423AD00A48844237D048
:108420000948844234D00948844231D00848844203
:108430002ED0084884421BE00000014000040040A8
:1084400000080040000C00400010004000140040F4
:108450000004014000400140004401400048014048
:1084600000180040001C00400020004028CC0008FC
:108470000ED0FC4884420BD0FB48844208D0FB4815
:10848000844205D0FA48844202D0FA48844200D19E
:1084900004E04FF4CB71F848F7F780FE656270BDD9
:1084A00070B504460D46F548844226D0B4F1804F9D
:1084B00023D0F348844220D0F24884421DD0F248B1
:1084C00084421AD0F148844217D0F148844214D033
:1084D000F048844211D0F04884420ED0E1488442F2
:1084E0000BD0E148844208D0E048844205D0E048FF
:1084F000844202D0DF48844200D104E040F2A5115A
:10850000DD48F7F74BFEE56270BD10B50446DB4869
:10851000844226D0B4F1804F23D0D948844220D061
:10852000D84884421DD0D84884421AD0D7488442C3
:1085300017D0D748844214D0D648844211D0D648A8
:1085400084420ED0C74884420BD0C748844208D02A
:10855000C648844205D0C648844202D0C5488442F9
:1085600000D104E040F2B311C348F7F717FE606A88
:1085700010BD10B50446C148844226D0B4F1804FE6
:1085800023D0BF48844220D0BE4884421DD0BE487C
:1085900084421AD0BD48844217D0BD48844214D0CA
:1085A000BC48844211D0BC4884420ED0AD488442BD
:1085B0000BD0AD48844208D0AC48844205D0AC48CA
:1085C000844202D0AB48844200D104E040F2C111A1
:1085D000A948F7F7E3FD208D10BD70B504460D46A0
:1085E000A648844226D0B4F1804F23D0A4488442C8
:1085F00020D0A44884421DD0A34884421AD0A34866
:10860000844217D0A248844214D0A248844211D098
:10861000A14884420ED0934884420BD092488442B1
:1086200008D09248844205D09148844202D09148B3
:10863000844200D104E040F2D1118F48F7F7AEFD3B
:108640000DB1012D00D104E04FF4E9718A48F7F72C
:10865000A5FD25B1208840F00200208004E020889C
:108660004FF6FD710840208070BD70B504460D4680
:108670008248844226D0B4F1804F23D0804884427F
:1086800020D0804884421DD07F4884421AD07F4841
:10869000844217D07E48844214D07E48844211D050
:1086A0007D4884420ED06F4884420BD06E4884428D
:1086B00008D06E48844205D06D48844202D06D488F
:1086C000844200D104E04FF4F7716B48F7F766FD80
:1086D0000DB1012D00D104E040F2EF116648F7F72B
:1086E0005DFD25B1208840F00400208004E0208852
:1086F0004FF6FB710840208070BD70B504460D46F2
:108700005E48844226D0B4F1804F23D05C48844236
:1087100020D05C4884421DD05B4884421AD05B481C
:10872000844217D05A48844214D05A48844211D007
:10873000594884420ED04B4884420BD04A48844268
:1087400008D04A48844205D04948844202D049486A
:10875000844200D104E040F207214748F7F71EFDAC
:108760000DB1012D00D104E04FF402714248F7F73A
:1087700015FD25B1208840F08000208004E020888D
:108780004FF67F710840208070BD70B504460D46DD
:108790003A48844226D0B4F1804F23D038488442EE
:1087A00020D0384884421DD0374884421AD03748F8
:1087B000844217D03648844214D03648844211D0BF
:1087C000354884420ED0274884420BD02648844244
:1087D00008D02648844205D02548844202D0254846
:1087E000844200D104E040F222212348F7F7D6FC6E
:1087F000082D00D005B904E040F223211E48F7F708
:10880000CDFC20884FF6F77108402080208828434F
:10881000208070BD70B504460D461848844220D0B3
:10882000B4F1804F1DD0164884421AD015488442B6
:1088300017D01548844214D01648844211D01648E7
:1088400084420ED0074884420BD00748844208D0A7
:108850000648844205D00648844202D00548844236
:108860001CD120E0004401400048014000180040B5
:10887000001C00400020004028CC000800000140FF
:108880000004004000080040000C004000100040C0
:1088900000140040000401400040014040F2392132
:1088A000FC48F7F77BFC2DB1B5F5807F02D0B5F51C
:1088B000007F00D104E040F23A21F648F7F76EFC61
:1088C00020884FF6FF4108402080208828432080E0
:1088D00070BD70B504460D46EF48844226D0B4F111
:1088E000804F23D0ED48844220D0ED4884421DD0F3
:1088F000EC4884421AD0EC48844217D0EB488442BA
:1089000014D0EB48844211D0EA4884420ED0EA48A1
:1089100084420BD0E948844208D0E948844205D01B
:10892000E848844202D0E848844200D104E040F2A2
:108930004D21D848F7F732FC0DB1012D00D104E0EC
:1089400040F24E21D348F7F729FC25B1208840F0AA
:108950000100208004E020884FF6FE71084020804E
:1089600070BD2DE9F04105460C464FF00008002689
:108970000027C948854220D0B5F1804F1DD0C74897
:1089800085421AD0C648854217D0C648854214D0C1
:10899000C748854211D0C74885420ED0C648854297
:1089A0000BD0C648854208D0C548854205D0C54889
:1089B000854202D0C448854200D104E040F29E21A5
:1089C000B448F7F7EBFB208870B1208810280BD053
:1089D0002088202808D02088302805D020886028CA
:1089E00002D02088702800D104E040F29F21A948DD
:1089F000F7F7D4FB608810B16088012800D104E04B
:108A00004FF42871A348F7F7C9FBA08910B1A089DA
:108A1000022800D104E040F2A1219E48F7F7BEFBF6
:108A2000288C4FF6FE71084028842E8CAF88B5F84C
:108A300018804FF68F7008EA0008881E08EA0008C0
:108A4000208840EA0808481E0640A089064360883E
:108A500006439148854202D09548854241D1A0887D
:108A600010B1A088042800D104E040F2BE2189485A
:108A7000F7F794FBE08910B1E089082800D104E001
:108A800040F2BF218348F7F789FB608AB0F5007F89
:108A900001D0608A00B904E04FF430717D48F7F7E7
:108AA0007DFB208AB0F5807F01D0208A00B904E0E8
:108AB00040F2C1217748F7F771FB4FF6F770064097
:108AC000E08906434FF6FB700640A08806434FF648
:108AD000FF6007404FF6FF500740208A0743608A37
:108AE0000743AF80A5F81880A06868632E84BDE8AE
:108AF000F0812DE9F04105460C464FF000080026B4
:108B000000276548854214D0B5F1804F11D06348E5
:108B100085420ED0624885420BD06248854208D01B
:108B20006348854205D06348854202D06448854247
:108B300000D104E040F2EF215648F7F72FFB2088E0
:108B400070B1208810280BD02088202808D02088D9
:108B5000302805D02088602802D02088702800D1D5
:108B600004E04FF43C714B48F7F718FB608810B1F4
:108B70006088012800D104E040F2F1214548F7F770
:108B80000DFBA08910B1A089022800D104E040F2B9
:108B9000F2214048F7F702FB288C4FF6EF710840AE
:108BA00028842E8CAF88B5F8188048F6FF7008EA44
:108BB00000084FF6FF4008EA000820884FF6FF71D2
:108BC00001EA002040EA08084FF6DF700640A0895D
:108BD00001EA00100643608801EA001006432E48AF
:108BE000854202D0324885424BD1A08810B1A0887E
:108BF000042800D104E04FF444712648F7F7CEFA78
:108C0000E08910B1E089082800D104E040F2113178
:108C10002048F7F7C3FA608AB0F5007F01D0608A78
:108C200000B904E040F212311A48F7F7B7FA208A87
:108C3000B0F5807F01D0208A00B904E040F2133102
:108C40001448F7F7ABFA4FF67F700640E0894FF60D
:108C5000FF7101EA001006434FF6BF700640A0887E
:108C600001EA001006434FF6FF3007404FF2FF7055
:108C70000740208A01EA80000743608A01EA8000F9
:108C80000743AF80A5F81880A068A8632E84BDE8CC
:108C9000F081000028CC00080000014000040040E2
:108CA00000080040000C004000100040001400408C
:108CB00000040140004001400044014000480140E0
:108CC00000180040001C0040002000402DE9F04149
:108CD00005460C464FF0000800260027FE48854256
:108CE0000ED0B5F1804F0BD0FC48854208D0FC482F
:108CF000854205D0FB48854202D0FB48854200D121
:108D000004E04FF45071F948F7F748FA208870B141
:108D1000208810280BD02088202808D020883028D0
:108D200005D02088602802D02088702800D104E077
:108D300040F24131ED48F7F731FA608810B16088B0
:108D4000012800D104E040F24231E848F7F726FA62
:108D5000A08910B1A089022800D104E040F243317B
:108D6000E248F7F71BFA288C4FF6FF610840288489
:108D70002E8CAF88B5F81C804FF68F7008EA00087B
:108D80004FF6FC7008EA0008208840EA08084FF611
:108D9000FF500640A0894FF6FF7101EA002006430C
:108DA000608801EA00200643CB48854202D0CE48C5
:108DB00085424BD1A08810B1A088042800D104E0DE
:108DC0004FF45871C948F7F7E9F9E08910B1E08923
:108DD000082800D104E040F26131C448F7F7DEF919
:108DE000608AB0F5007F01D0608A00B904E040F2EB
:108DF0006231BE48F7F7D2F9208AB0F5807F01D002
:108E0000208A00B904E040F26331B848F7F7C6F9A8
:108E10004FF2FF700640E0894FF6FF7101EA002033
:108E200006434FF6FF300640A08801EA00200643C3
:108E30004EF6FF7007404DF6FF700740208A01EAAA
:108E400000100743608A01EA00100743AF80A5F8CD
:108E50001C80A068E8632E84BDE8F0812DE9F04114
:108E600004460D4600270026B0469B4884420ED09B
:108E7000B4F1804F0BD09948844208D0984884427E
:108E800005D09848844202D09748844200D104E03B
:108E90004FF464719548F7F781F9288870B12888F4
:108EA00010280BD02888202808D02888302805D002
:108EB0002888602802D02888702800D104E040F279
:108EC00091318A48F7F76AF9688810B168880128F3
:108ED00000D104E040F292318448F7F75FF9A889A5
:108EE00010B1A889022800D104E040F293317F48F4
:108EF000F7F754F9208C4EF6FF7108402084268C39
:108F0000B4F80480A78B48F6FF7007404FF6FF4087
:108F1000074028884FF6FF7101EA002007434DF60D
:108F2000FF700640A88901EA00300643688801EA1C
:108F3000003006436848844202D06B48844216D110
:108F4000288AB0F5807F01D0288A00B904E040F279
:108F5000B1316648F7F722F94BF6FF7008EA0008CE
:108F6000288A4FF6FF7101EA801040EA0808A4F849
:108F70000480A783A86820642684BDE8F0810021CE
:108F800001804180818081608181C1810182418233
:108F900070472DE9F04104460F4615460026B046BD
:108FA0004D48844220D0B4F1804F1DD04B488442BC
:108FB0001AD04B48844217D04A48844214D04A48B9
:108FC000844211D04A4884420ED04A4884420BD091
:108FD0004948844208D04948844205D048488442E0
:108FE00002D04848844200D104E04FF47D713F48EC
:108FF000F7F7D4F82FB1042F03D0082F01D00C2F8E
:1090000000D104E040F2F5313848F7F7C7F86DB108
:10901000102D0BD0202D09D0302D07D0602D05D07C
:10902000702D03D0502D01D0402D00D104E040F22E
:10903000F6312E48F7F7B2F8264618360120B84028
:109040001FFA80F8208C20EA080020840FB1082F36
:109050000AD106EB670630684FF68F710840306022
:109060003068284330600FE0381FC0F34E000644DC
:10907000306848F6FF710840306030684FF6FF7185
:1090800001EA052108433060BDE8F08170B504466F
:109090000D461148844239D0B4F1804F36D00F4884
:1090A000844233D00E48844230D00E4884422DD0C2
:1090B0000D4884422AD00E48844227D00D4884426D
:1090C00024D00D48844221D00C4884421ED00C4844
:1090D00084421BD00B4817E0000001400004004010
:1090E00000080040000C00400004014028CC0008AB
:1090F0000040014000440140004801400018004089
:10910000001C004000200040844200D104E040F2F6
:109110001F41FB48F7F742F8656370BD70B5044620
:109120000D46F848844214D0B4F1804F11D0F6486F
:1091300084420ED0F54884420BD0F548844208D0D2
:10914000F448844205D0F448844202D0F348844273
:1091500000D104E040F22F41E948F7F71FF8A5637A
:1091600070BD70B504460D46E64884420ED0B4F199
:10917000804F0BD0E448844208D0E448844205D0B4
:10918000E348844202D0E348844200D104E040F244
:109190003E41DB48F7F702F8E56370BD70B5044661
:1091A0000D46D84884420ED0B4F1804F0BD0D6483B
:1091B000844208D0D548844205D0D548844202D0A4
:1091C000D448844200D104E040F24D41CC48F6F747
:1091D000E5FF256470BD70B504460D460026C948FC
:1091E000844220D0B4F1804F1DD0C74884421AD0A9
:1091F000C648844217D0C648844214D0C548844229
:1092000011D0C54884420ED0C54884420BD0C54811
:10921000844208D0C148844205D0C348844202D069
:10922000C248844200D104E040F26141B448F6F7FC
:10923000B5FF502D01D0402D00D104E040F2624135
:10924000AF48F6F7ABFF268B4FF68F7006402E43E4
:10925000268370BD70B504460D460026A948844299
:1092600014D0B4F1804F11D0A74884420ED0A74843
:1092700084420BD0A648844208D0A648844205D038
:10928000A548844202D0A548844200D104E040F2BF
:109290007E419B48F6F782FF502D01D0402D00D132
:1092A00004E040F27F419648F6F778FF268B48F6B7
:1092B000FF7006404FF6FF7000EA05200643268344
:1092C00070BD70B504460D4600268E4884420ED00F
:1092D000B4F1804F0BD08C48844208D08B48844234
:1092E00005D08B48844202D08A48844200D104E0F1
:1092F00040F29A418248F6F751FF502D01D0402D9F
:1093000000D104E040F29B417D48F6F747FFA68B71
:109310004FF68F7006402E43A68370BD70B504468D
:109320000D460026774884420ED0B4F1804F0BD012
:109330007548844208D07548844205D074488442F8
:1093400002D07448844200D104E040F2B7416C4836
:10935000F6F724FF502D01D0402D00D104E04FF44A
:1093600097616748F6F71AFFA68B48F6FF7006402C
:109370004FF6FF7000EA05200643A68370BD70B566
:1093800004460D4600265F48844220D0B4F1804F49
:109390001DD05D4884421AD05C48844217D05C4896
:1093A000844214D05B48844211D05B4884420ED082
:1093B0005B4884420BD05B48844208D057488442C3
:1093C00005D05948844202D05848844200D104E074
:1093D00040F2D3414A48F6F7E1FE082D00D005B926
:1093E00004E040F2D4414648F6F7D8FE268B4FF60B
:1093F000F77006402E43268370BD70B504460D46B7
:1094000000264048844214D0B4F1804F11D03E4829
:1094100084420ED03D4884420BD03D48844208D05F
:109420003C48844205D03C48844202D03B488442B8
:1094300000D104E040F2F1413148F6F7AFFE082DCB
:1094400000D005B904E040F2F2412D48F6F7A6FE3F
:10945000268B4FF2FF7006404FF6FF7000EA0520A2
:109460000643268370BD70B504460D460026254888
:1094700084420ED0B4F1804F0BD02348844208D0F0
:109480002248844205D02248844202D021488442A6
:1094900000D104E040F20E511948F6F77FFE082D86
:1094A00000D005B904E040F20F511548F6F776FEFA
:1094B000A68B4FF6F77006402E43A68370BD70B59D
:1094C00004460D4600260F4884420ED0B4F1804F6A
:1094D0000BD00D48844208D00C48844205D00C487B
:1094E000844202D00B48844200D104E040F22B5168
:1094F0000348F6F753FE082D00D0CDB91DE000005B
:1095000028CC000800000140000400400008004092
:10951000000C0040000401400040014000180040E1
:109520000044014000480140001C00400020004071
:1095300040F22C51FA48F6F731FEA68B4FF2FF703D
:1095400006404FF6FF7000EA05200643A68370BD73
:1095500070B504460D460026F248844220D0B4F18E
:10956000804F1DD0F04884421AD0F048844217D072
:10957000EF48844214D0EF48844211D0EE48844230
:109580000ED0EE4884420BD0ED48844208D0ED481E
:10959000844205D0EC48844202D0EC48844200D199
:1095A00004E04FF4A961DE48F6F7F8FD042D00D081
:1095B00005B904E040F24951D948F6F7EFFD268B92
:1095C0004FF6FB7006402E43268370BD70B50446EF
:1095D0000D460026D348844214D0B4F1804F11D0F8
:1095E000D14884420ED0D14884420BD0D048844226
:1095F00008D0D048844205D0CF48844202D0D14818
:10960000844200D104E040F26751C548F6F7C6FD38
:10961000042D00D005B904E04FF4AD61C048F6F761
:10962000BDFD268B4FF6FF3006404FF6FF7000EA77
:1096300005200643268370BD70B504460D460026FE
:10964000B84884420ED0B4F1804F0BD0B648844263
:1096500008D0B648844205D0B548844202D0B54807
:10966000844200D104E040F28551AD48F6F796FD02
:10967000042D00D005B904E040F28651A848F6F761
:109680008DFDA68B4FF6FB7006402E43A68370BD62
:1096900070B504460D460026A24884420ED0B4F1AF
:1096A000804F0BD0A048844208D0A048844205D007
:1096B0009F48844202D09F48844200D104E040F297
:1096C000A3519748F6F76AFD042D00D005B904E0D0
:1096D00040F2A4519248F6F761FDA68B4FF6FF3099
:1096E00006404FF6FF7000EA05200643A68370BDD2
:1096F00070B504460D4600268A48844220D0B4F155
:10970000804F1DD0884884421AD08848844217D0A0
:109710008748844214D08748844211D086488442C6
:109720000ED0864884420BD08548844208D08548B4
:10973000844205D08448844202D08448844200D1C7
:1097400004E040F2C1517648F6F728FD802D00D0A4
:1097500005B904E040F2C2517148F6F71FFD268BAF
:109760004FF67F7006402E43268370BD70B50446C9
:109770000D4600266B48844214D0B4F1804F11D0BE
:10978000694884420ED0694884420BD068488442BC
:1097900008D06848844205D06748844202D06948AE
:1097A000844200D104E040F2DF515D48F6F7F6FC58
:1097B000802D00D005B904E04FF4BC615848F6F79D
:1097C000EDFC268BC6F30E064FF6FF7000EA05206F
:1097D0000643268370BD70B504460D4600265148E9
:1097E00084420ED0B4F1804F0BD04F48844208D051
:1097F0004E48844205D04E48844202D04D488442AF
:1098000000D104E040F2FC514548F6F7C7FC802D3A
:1098100000D005B904E040F2FD514148F6F7BEFC26
:10982000A68B4FF67F7006402E43A68370BD70B5A1
:1098300004460D4600263B4884420ED0B4F1804FCA
:109840000BD03948844208D03848844205D0384883
:10985000844202D03748844200D104E040F21961CA
:109860002F48F6F79BFC802D00D005B904E040F2AC
:109870001A612B48F6F792FCA68BC6F30E064FF63C
:10988000FF7000EA05200643A68370BD70B504464C
:109890000D4600262348844220D0B4F1804F1DD0CD
:1098A000214884421AD02148844217D0204884425B
:1098B00014D02048844211D01F4884420ED01F4843
:1098C00084420BD01E48844208D01E48844205D0F2
:1098D0001D48844202D01D48844200D104E040F279
:1098E00036610F48F6F75AFC0DB1022D00D104E0A5
:1098F00040F237610A48F6F751FC268C4FF6FD70AE
:1099000006402E43268470BD70B504460D460026E1
:109910000448844202D00748844219D11DE0000067
:1099200028CC00080000014000040040000800406E
:10993000000C004000040140004001400044014090
:109940000048014000180040001C0040002000407A
:109950004FF4CA61FC48F6F721FC0DB1082D00D187
:1099600004E040F25161F848F6F718FC268C4FF6F7
:10997000F77006402E43268470BD70B504460D4630
:109980000026F248844214D0B4F1804F11D0F04840
:1099900084420ED0EF4884420BD0EF48844208D076
:1099A000EE48844205D0EE48844202D0ED4884421D
:1099B00000D104E040F26C61E348F6F7EFFB0DB133
:1099C000022D00D104E040F26D61DF48F6F7E6FBBE
:1099D000268C4FF6DF7006404FF6FF7000EA051048
:1099E0000643268470BD70B504460D460026D74850
:1099F000844202D0D948844200D104E040F2876119
:109A0000D148F6F7CBFB0DB1082D00D104E04FF49F
:109A1000D161CD48F6F7C2FB268C4FF67F70064029
:109A20004FF6FF7000EA05100643268470BD70B53E
:109A300004460D460026C54884420ED0B4F1804F3E
:109A40000BD0C348844208D0C248844205D0C248E3
:109A5000844202D0C148844200D104E040F2A261B5
:109A6000B948F6F79BFB0DB1022D00D104E040F29E
:109A7000A361B548F6F792FB268C4FF6FF500640DF
:109A80004FF6FF7000EA05200643268470BD70B5CE
:109A900004460D460026AD48844202D0AF488442B9
:109AA00000D104E040F2BD61A748F6F777FB0DB1A5
:109AB000082D00D104E040F2BE61A348F6F76EFB2A
:109AC000268C4FF2FF7006404FF6FF7000EA05202B
:109AD0000643268470BD70B504460D4600269B489B
:109AE00084420ED0B4F1804F0BD09948844208D004
:109AF0009848844205D09848844202D097488442CE
:109B000000D104E04FF4DB618F48F6F747FB0DB15D
:109B1000022D00D104E040F2D9618B48F6F73EFBFC
:109B2000268C4DF6FF7006404FF6FF7000EA0530B8
:109B30000643268470BD2DE9F04104460D461646C5
:109B400000278248844220D0B4F1804F1DD0804845
:109B500084421AD07F48844217D07F48844214D070
:109B60007E48844211D07E4884420ED07E48844292
:109B70000BD07E48844208D07A48844205D07C4885
:109B8000844202D07B48844200D104E040F2F76175
:109B90006D48F6F703FB2DB1042D03D0082D01D03D
:109BA0000C2D00D104E04FF4DF616748F6F7F6FAB8
:109BB000012E00D006B904E040F2F9616248F6F7E0
:109BC000EDFA0120A84087B2208CB8432084208C75
:109BD00006FA05F189B208432084BDE8F0812DE939
:109BE000F04104460D46164600275848844202D0EC
:109BF0005A48844200D104E040F215715248F6F709
:109C0000CDFA1DB1042D01D0082D00D104E040F2A1
:109C100016714D48F6F7C2FA042E00D006B904E0DA
:109C200040F217714848F6F7B9FA0420A84087B205
:109C3000208CB8432084208C06FA05F189B20843B1
:109C40002084BDE8F08170B504460D463F4884424B
:109C50000ED0B4F1804F0BD03D48844208D03D482F
:109C6000844205D03C48844202D03C48844200D122
:109C700004E040F671013448F6F790FA2DB1042D56
:109C800003D0082D01D00C2D00D104E040F6720164
:109C90002D48F6F783FAA08B4FF2FF310840A083DE
:109CA000A08B4FF6FF7101EA05210843A08370BD28
:109CB000F0B50C461546002100220026078C4EF612
:109CC000FF7C07EA0C070784818B028C4FF6FF7735
:109CD00007EA043640F6FF4739404FF6FF7707EAB8
:109CE000052739434FF6FF7707EA0337394345F62F
:109CF000FF773A4046F480573A4381830284F0BDAF
:109D000070B504460D46114884420ED0B4F1804F20
:109D10000BD00F48844208D00E48844205D00E482C
:109D2000844202D00D48844200D104E040F659013B
:109D30000548F6F733FA2DB1042D03D0082D01D0D4
:109D40000C2D19D11DE0000028CC000800000140B6
:109D50000004004000080040000C004000040140E6
:109D6000004001400018004000440140004801400C
:109D7000001C00400020004040F65A01FE48F6F763
:109D80000DFAA08B4FF6F3710840A083A08B2843F7
:109D9000A08370BDF0B50C461546002100220026B8
:109DA000078C4FF6FF6C07EA0C070784818B028C47
:109DB0004FF6FF7707EA04264FF60C7739404FF647
:109DC000FF7707EA03172F4339434FF2FF573A4013
:109DD00046F480773A4381830284F0BD70B504462F
:109DE0000D46E648844214D0B4F1804F11D0E448C7
:109DF00084420ED0E34884420BD0E348844208D02A
:109E0000E248844205D0E248844202D0E1488442DC
:109E100000D104E040F64101D748F6F7BFF92DB173
:109E2000042D03D0082D01D00C2D00D104E040F604
:109E30004201D148F6F7B2F9208B4FF2FF310840CA
:109E40002083208B4FF6FF7101EA05210843208310
:109E500070BDF0B50C461546002100220026078C87
:109E60004FF6EF7C07EA0C070784018B028C4FF654
:109E7000FF7707EA041640F6FF4739404FF6FF77B1
:109E800007EA033739434FF6FF7707EA05273943D7
:109E90004FF65F773A4046F010073A430183028459
:109EA000F0BD70B504460D46B448844220D0B4F1EC
:109EB000804F1DD0B24884421AD0B248844217D095
:109EC000B148844214D0B148844211D0B048844291
:109ED0000ED0B14884420BD0B048844208D0AD487F
:109EE000844205D0AE48844202D0AE48844200D1BC
:109EF00004E040F62801A048F6F750F92DB1042DF2
:109F000003D0082D01D00C2D00D104E040F629012A
:109F10009948F6F743F9208B4FF6F37108402083F8
:109F2000208B2843208370BDF0B50C4615460021D8
:109F30000022068C4FF6FE773E400684018B028C91
:109F40004FF60C7631407E1C06EA03162E43314351
:109F50004FF6F576324044F0010632430183028425
:109F6000F0BD70B504460D468448844220D0B4F15B
:109F7000804F1DD0824884421AD08248844217D034
:109F80008148844214D08148844211D08048844260
:109F90000ED0814884420BD08048844208D07D484E
:109FA000844205D07E48844202D07E48844200D15B
:109FB00004E040F265717048F6F7F0F8688828B15F
:109FC0006888022802D068880A2800D104E040F29C
:109FD00066716948F6F7E2F8A888012805D0A888D4
:109FE000022802D0A888032800D104E040F267715B
:109FF0006148F6F7D3F8E88840B1E888042805D02E
:10A00000E888082802D0E8880C2800D104E04FF442
:10A01000ED615948F6F7C2F828890F2800DC04E002
:10A0200040F269715448F6F7B9F8288850B92B897D
:10A03000AA8869882046FFF777FFE9882046FFF75E
:10A0400030FF73E02888042828D14C48844214D07B
:10A05000B4F1804F11D04A4884420ED0494884421E
:10A060000BD04948844208D04848844205D048482B
:10A07000844202D04748844200D104E040F2777124
:10A080003D48F6F78BF82B89AA8869882046FFF7A8
:10A09000E0FEE9882046FFF7A1FE47E0288808286F
:10A0A00022D1364884420ED0B4F1804F0BD03448D0
:10A0B000844208D03348844205D03348844202D0D9
:10A0C0003248844200D104E040F281712A48F6F718
:10A0D00065F82B89AA8869882046FFF75BFEE98826
:10A0E0002046FFF70DFE21E0244884420ED0B4F153
:10A0F000804F0BD02248844208D02248844205D0A9
:10A100002148844202D02148844200D104E040F238
:10A110008B711948F6F742F82B89AA88698820467E
:10A12000FFF7C6FDE9882046FFF78DFD70BD0021D1
:10A1300001804180012181800021C180018170471F
:10A140002DE9F04105460C46002601270B488542C3
:10A150002DD0B5F1804F2AD00948854227D0094833
:10A16000854224D00848854221D0084885421ED027
:10A17000074885421BD017E028CC000800000140AA
:10A180000004004000080040000C004000040140B2
:10A1900000400140001800400044014000480140D8
:10A1A000001C004000200040F848854200D104E037
:10A1B00040F2B371F648F5F7F1FF608808B902265E
:10A1C00000E00026A088012801D1022700E0012735
:10A1D0002088A0B92389A28861882846FFF7A4FEB9
:10A1E000E1882846FFF75DFE23893A463146284636
:10A1F000FFF72FFEE1882846FFF7F0FD13E02389E3
:10A20000A28861882846FFF724FEE1882846FFF7E8
:10A21000E5FD23893A4631462846FFF785FEE18869
:10A220002846FFF73EFEBDE8F08110B50446D94848
:10A23000844220D0B4F1804F1DD0D74884421AD038
:10A24000D648844217D0D648844214D0D548844298
:10A2500011D0D54884420ED0D44884420BD0D44883
:10A26000844208D0C948844205D0D248844202D0F2
:10A27000D148844200D104E040F2E971C448F5F7C6
:10A280008DFF606B10BD10B50446C248844214D0E7
:10A29000B4F1804F11D0C04884420ED0BF488442F0
:10A2A0000BD0BF48844208D0BE48844205D0BE4887
:10A2B000844202D0B548844200D104E04FF4FF61EB
:10A2C000B348F5F76BFFA06B10BD10B50446B1485D
:10A2D00084420ED0B4F1804F0BD0AF48844208D0F6
:10A2E000AE48844205D0AE48844202D0AD48844294
:10A2F00000D104E040F60601A548F5F74FFFE06BFA
:10A3000010BD10B50446A34884420ED0B4F1804F6E
:10A310000BD0A148844208D0A048844205D0A04870
:10A32000844202D09F48844200D104E040F61401E8
:10A330009748F5F733FF206C10BD70B505460C4605
:10A340009448854202D09748854200D104E040F607
:10A35000A6018F48F5F722FF2088B0F5006F01D0E5
:10A36000208800B904E040F6A7018948F5F716FFF8
:10A370006088B0F5806F01D0608800B904E040F6D5
:10A38000A8018348F5F70AFFA08858B1A088B0F566
:10A39000807F07D0A088B0F5007F03D0A088B0F5FB
:10A3A000407F00D104E040F6A9017948F5F7F6FEB8
:10A3B0002089B0F5805F01D0208900B904E040F623
:10A3C000AA017348F5F7EAFE608918B16089B0F513
:10A3D000005F00D104E040F6AB016D48F5F7DEFE0A
:10A3E000A089B0F5804F01D0A08900B904E040F603
:10A3F000AC016748F5F7D2FE208861880843A18840
:10A400000843E18808432189084361890843A189F9
:10A410000843A5F8440070BD00210180418081807F
:10A42000C180018141818181704770B504460D462C
:10A430005848844202D05B48844200D104E040F690
:10A44000D2015348F5F7AAFE0DB1012D00D104E069
:10A4500040F6D3014E48F5F7A1FE35B1B4F84400FB
:10A4600040F40040A4F8440005E0B4F84400C0F310
:10A470000E00A4F8440070BD70B504460D46454872
:10A48000844202D04748844200D104E040F6EB0108
:10A490003F48F5F783FE0DB1012D00D104E040F6F1
:10A4A000EC013B48F5F77AFE25B1A08840F00400A6
:10A4B000A08004E0A0884FF6FB710840A08070BD2A
:10A4C00070B504460D463348844202D03548844274
:10A4D00000D104E040F604112D48F5F75FFE0DB100
:10A4E000012D00D104E040F605112948F5F756FE8C
:10A4F00025B1A08840F00100A08004E0A0884FF6BC
:10A50000FE710840A08070BD70B504460D46164629
:10A510002048844226D0B4F1804F23D01E48844284
:10A5200020D01E4884421DD01D4884421AD02348A2
:10A53000844217D02248844214D01A48844211D051
:10A54000194884420ED0194884420BD018488442DE
:10A5500008D00E48844205D01648844202D01648DE
:10A56000844200D104E040F63D110948F5F716FE9B
:10A5700005F47F4008B905B104E040F63E110448F7
:10A58000F5F70CFE0EB1012E1CD120E000180040A2
:10A5900028CC0008000001400004004000080040F2
:10A5A000000C004000040140004001400044014014
:10A5B00000480140001C0040002000400010004006
:10A5C0000014004040F63F11F748F5F7E7FD1EB1D3
:10A5D000A0892843A08102E0A089A843A08170BD82
:10A5E00070B504460D46F148844226D0B4F1804F40
:10A5F00023D0EF48844220D0EE4884421DD0EE485C
:10A6000084421AD0ED48844217D0ED48844214D0D9
:10A61000EC48844211D0EC4884420ED0EB4884428E
:10A620000BD0EB48844208D0EA48844205D0EA487F
:10A63000844202D0E948844200D104E040F663112C
:10A64000D948F5F7ABFD05F47F4008B905B104E042
:10A6500040F66411D448F5F7A1FDA58270BD70B530
:10A6600004460D460026D148844226D0B4F1804FDE
:10A6700023D0CF48844220D0CE4884421DD0CE483B
:10A6800084421AD0CD48844217D0CD48844214D099
:10A69000CC48844211D0CC4884420ED0CB4884426E
:10A6A0000BD0CB48844208D0CA48844205D0CA485F
:10A6B000844202D0C948844200D104E040F68511AA
:10A6C000B948F5F76BFD012D19D0022D17D0042DD7
:10A6D00015D0082D13D0102D11D0202D0FD0402DC6
:10A6E0000DD0802D0BD0B5F5007F08D0B5F5806F6B
:10A6F00005D0B5F5006F02D0B5F5805F00D104E05C
:10A7000040F68611A848F5F749FD208A284008B18F
:10A71000012600E00026304670BD70B504460D46A7
:10A72000A248844226D0B4F1804F23D0A04884426E
:10A7300020D0A04884421DD09F4884421AD09F4810
:10A74000844217D09E48844214D09E48844211D03F
:10A750009D4884420ED09D4884420BD09C48844240
:10A7600008D09C48844205D09B48844202D09B4834
:10A77000844200D104E040F6AE118B48F5F70EFD9F
:10A78000E843208270BD2DE9F04104460D460026C5
:10A790000027B0468548844226D0B4F1804F23D0AC
:10A7A0008348844220D0834884421DD0824884421A
:10A7B0001AD08248844217D08148844214D08148FC
:10A7C000844211D0804884420ED0804884420BD00D
:10A7D0007F48844208D07F48844205D07E48844226
:10A7E00002D07E48844200D104E040F6CC116E488D
:10A7F000F5F7D4FC012D0DD0022D0BD0042D09D07E
:10A80000082D07D0102D05D0202D03D0402D01D0CC
:10A81000802D00D104E040F6CD116348F5F7BEFC71
:10A82000208A00EA0507A08900EA050827B1B8F1E7
:10A83000000F01D0012600E000263046BDE8F0817F
:10A8400070B504460D465948844226D0B4F1804F75
:10A8500023D05748844220D0564884421DD05648C1
:10A8600084421AD05548844217D05548844214D0A7
:10A870005448844211D0544884420ED053488442F4
:10A880000BD05348844208D05248844205D05248E5
:10A89000844202D05148844200D104E040F6F311D2
:10A8A0004148F5F77BFCE843208270BD70B5064651
:10A8B0000C4615463D4886420ED0B6F1804F0BD06F
:10A8C0003B48864208D03B48864205D03A488642FB
:10A8D00002D03C48864200D104E040F618213248BC
:10A8E000F5F75CFC2CB3012C23D0022C21D0032CD7
:10A8F0001FD0042C1DD0052C1BD0062C19D0072CE2
:10A9000017D0082C15D0092C13D00A2C11D00B2CE1
:10A910000FD00C2C0DD00D2C0BD00E2C09D00F2CE1
:10A9200007D0102C05D0112C03D0122C01D0132CE1
:10A9300000D104E040F619211B48F5F72FFC95B330
:10A94000B5F5807F2FD0B5F5007F2CD0B5F5407FD1
:10A9500029D0B5F5806F26D0B5F5A06F23D0B5F519
:10A96000C06F20D0B5F5E06F1DD0B5F5006F1AD0DF
:10A97000B5F5106F17D0B5F5206F14D0B5F5306F61
:10A9800011D0B5F5406F0ED0B5F5506F0BD0B5F5C1
:10A99000606F08D0B5F5706F05D0B5F5805F02D057
:10A9A000B5F5885F1CD120E028CC000800000140EC
:10A9B0000004004000080040000C0040001000406F
:10A9C00000140040000401400040014000440140E8
:10A9D0000048014000180040001C004000200040DA
:10A9E00040F61A21FA48F5F7D9FB44EA0500A6F823
:10A9F000480070BD70B504460D461646F5488442C1
:10AA000014D0B4F1804F11D0F34884420ED0F348F3
:10AA100084420BD0F248844208D0F248844205D0E8
:10AA2000F148844202D0F148844200D104E040F66B
:10AA30003321E748F5F7B2FB48F2FF00284008B998
:10AA400005B104E040F63421E148F5F7A7FB0EB16B
:10AA5000012E00D104E040F63521DD48F5F79EFBDC
:10AA60001EB1A0892843A08102E0A089A843A0814B
:10AA700070BD70B504460D46D64884420ED0B4F180
:10AA8000804F0BD0D448844208D0D448844205D0AB
:10AA9000D348844202D0D548844200D104E040F635
:10AAA0004D21CB48F5F77AFB0DB1012D00D104E023
:10AAB00040F64E21C648F5F771FB25B1A08840F05D
:10AAC0000800A08004E0A0884FF6F7710840A0803D
:10AAD00070BD10B50446BF48844214D0B4F1804F15
:10AAE00011D0BD4884420ED0BC4884420BD0BC4833
:10AAF000844208D0BD48844205D0BD48844202D07B
:10AB0000BC48844200D104E040F67421B048F5F717
:10AB100045FB20894FF6F8710840208110BD70B5C3
:10AB200004460D460026AB48844220D0B4F1804F45
:10AB30001DD0A94884421AD0A848844217D0A848FA
:10AB4000844214D0A948844211D0A94884420ED02E
:10AB5000A94884420BD0A948844208D0A548844221
:10AB600005D0A748844202D0A648844200D104E020
:10AB700040F644319648F5F711FB6DB1102D0BD01E
:10AB8000202D09D0302D07D0402D05D0502D03D0D9
:10AB9000602D01D0702D00D104E040F645318C4885
:10ABA000F5F7FCFA26894FF68F7006402E43268172
:10ABB00070BD70B504460D468648844214D0B4F189
:10ABC000804F11D0844884420ED0844884420BD0F8
:10ABD0008348844208D08548844205D08448844212
:10ABE00002D08448844200D104E040F689217848AC
:10ABF000F5F7D4FA2DB1102D03D0202D01D0302D32
:10AC000000D104E040F68A217148F5F7C7FA2946D9
:10AC10002046FFF784FF208940F00700208170BDA7
:10AC20002DE9F04104460E4615461F466948844208
:10AC300020D0B4F1804F1DD0674884421AD06748B5
:10AC4000844217D06648844214D06848844211D0A8
:10AC5000674884420ED0684884420BD067488442DB
:10AC600008D06448844205D06548844202D06548D3
:10AC7000844200D104E040F6A8215548F5F78EFA49
:10AC80001DB1022D01D00A2D00D104E040F6A9210A
:10AC90004F48F5F783FA0F2F00DC04E040F6AA21B5
:10ACA0004B48F5F77BFA602E06D13B460122294638
:10ACB0002046FFF7CEF805E03B4601222946204614
:10ACC000FFF732F931462046FFF729FF208940F08F
:10ACD00007002081BDE8F0812DE9F04104460D46D2
:10ACE00016461F464FF000083A4884420ED0B4F191
:10ACF000804F0BD03848844208D03848844205D071
:10AD00003748844202D03948844200D104E040F6FA
:10AD1000BD312F48F5F742FA45B1B5F5805F05D052
:10AD2000B5F5005F02D0B5F5405F00D104E040F614
:10AD3000BE312748F5F732FAB6F5004F00D006B914
:10AD400004E040F6BF312248F5F728FA0F2F00DC67
:10AD500004E04FF43C611E48F5F720FAB4F808808F
:10AD600008F0FF084FF6FF7000EA07203043284341
:10AD700040EA0808A4F80880BDE8F0812DE9F04118
:10AD800004460D46174698460026124884420ED0C7
:10AD9000B4F1804F0BD01048844208D00F48844251
:10ADA00005D00F48844202D01048844200D104E00C
:10ADB00040F6D2210648F5F7F1F945B1B5F5805FC7
:10ADC00005D0B5F5005F02D0B5F5405F1CD120E09D
:10ADD00028CC0008000001400004004000080040AA
:10ADE000000C00400010004000140040000401402E
:10ADF000004001400018004000440140004801406C
:10AE0000001C00400020004040F6D321FA48F5F72E
:10AE1000C5F9B7F5004F00D007B904E040F6D421DA
:10AE2000F548F5F7BBF9B8F10F0F00DC04E040F688
:10AE3000D521F148F5F7B2F943463A46294620466E
:10AE4000FFF74AFF26894FF6F870064046F00706DE
:10AE50004FF68F70064046F070062681BDE8F081FF
:10AE60002DE9F04104460D4616461F46E34884424C
:10AE70000ED0B4F1804F0BD0E148844208D0E148B5
:10AE8000844205D0E048844202D0E048844200D1A8
:10AE900004E040F6FF21D848F5F780F945B1B5F553
:10AEA000805F05D0B5F5005F02D0B5F5405F00D1F9
:10AEB00004E04FF43061D048F5F770F9B6F5004F73
:10AEC00000D006B904E040F60131CB48F5F766F949
:10AED0000F2F00DC04E040F60231C748F5F75EF9B9
:10AEE0003B46324629462046FFF7F6FE208940F4CD
:10AEF00080402081BDE8F08170B504460D46BF4812
:10AF0000844214D0B4F1804F11D0BD4884420ED099
:10AF1000BC4884420BD0BC48844208D0BC48844220
:10AF200005D0BC48844202D0B848844200D104E035
:10AF300040F66D31B048F5F731F96DB1102D0BD0F9
:10AF4000202D09D0302D07D0402D05D0502D03D015
:10AF5000602D01D0702D00D104E040F66E31A6487E
:10AF6000F5F71CF9A0884FF68F710840A080A088E3
:10AF70002843A08070BD70B504460D469F488442AA
:10AF800014D0B4F1804F11D09D4884420ED09D481A
:10AF900084420BD09C48844208D09C48844205D00F
:10AFA0009D48844202D09D48844200D104E040F68E
:10AFB00085319148F5F7F2F8042D05D0052D03D021
:10AFC000062D01D0072D00D104E040F686318A48D5
:10AFD000F5F7E4F820894FF6F871084020812089C0
:10AFE0002843208170BD70B504460D4683488442D5
:10AFF00014D0B4F1804F11D0814884420ED08148E2
:10B0000084420BD08048844208D08048844205D0D6
:10B010008148844202D08148844200D104E040F655
:10B020009C317548F5F7BAF8802D00D005B904E0D9
:10B0300040F69D317048F5F7B1F820894FF67F71E1
:10B040000840208120892843208170BD2DE9F047E8
:10B0500004460D4616461F464FF00008C146C2463C
:10B060006648844214D0B4F1804F11D064488442C1
:10B070000ED0644884420BD06348844208D06348B1
:10B08000844205D06448844202D06448844200D19E
:10B0900004E040F6F9315848F5F780F8012D03D067
:10B0A000022D01D0032D00D104E040F6FA315248C0
:10B0B000F5F774F81EB1022E01D00A2E00D104E07B
:10B0C00040F6FB314C48F5F769F81FB1022F01D06B
:10B0D0000A2F00D104E040F6FC314748F5F75EF84E
:10B0E000B4F80880B4F81890B4F820A04FF6F870BF
:10B0F00008EA000848EA05084FF6FC4009EA00099A
:10B1000040F2011049EA00094FF6DD700AEA000A30
:10B110004FF6FF7000EA0710304340EA0A0AA4F82D
:10B120000880A4F81890A4F820A0BDE8F08770B5B6
:10B1300004460D463148844214D0B4F1804F11D0FA
:10B140002F4884420ED02F4884420BD02E48844290
:10B1500008D02E48844205D02F48844202D02F4880
:10B16000844200D104E040F628412348F5F716F860
:10B170000DB1012D00D104E040F629411E48F5F73C
:10B180000DF825B1A08840F08000A08004E0A088E0
:10B190004FF67F710840A08070BD70B505460C4623
:10B1A000B5F1804F05D01848854202D01C48854231
:10B1B00000D104E040F65B410F48F4F7EFFF94B193
:10B1C000B4F5806F0FD0B4F5006F0CD0B4F5406FBC
:10B1D00009D044B1402C06D0802C04D0C02C02D021
:10B1E0000CB1022C00D104E040F65C410248F4F7B7
:10B1F000D5FFA5F8504070BD28CC000800000140E4
:10B200000004004000080040000C00400004014021
:10B2100000100040001400400040014000180040B1
:10B220000048014010B50446F84884420ED0F84862
:10B2300084420BD0F748844208D0F748844205D0B6
:10B24000F648844202D0F648844200D103E0B5219A
:10B25000F448F4F7A3FFED48844208D101211020FF
:10B26000FCF78EFD00211020FCF78AFD3EE0E84847
:10B27000844209D101214804FCF75BFD00214FF411
:10B280000030FCF756FD31E0E248844209D101214B
:10B290008804FCF74EFD00214FF48020FCF749FDA7
:10B2A00024E0DD48844209D10121C804FCF741FDB6
:10B2B00000214FF40020FCF73CFD17E0D748844202
:10B2C00009D101210805FCF734FD00214FF480105D
:10B2D000FCF72FFD0AE0D248844207D1012120204B
:10B2E000FCF74EFD00212020FCF74AFD10BD2DE9A2
:10B2F000FF4705460C460026B14600BFB046C3488E
:10B3000085420ED0C24885420BD0C248854208D043
:10B31000C148854205D0C148854202D0C048854217
:10B3200000D103E0EB21BF48F4F738FF206820B1DB
:10B33000BD492068884200D203E0EC21B948F4F707
:10B340002DFFA08818B1A088B0F5805F00D103E080
:10B35000ED21B448F4F722FFE08858B1E088B0F559
:10B36000805F07D0E088B0F5005F03D0E088B0F5DB
:10B37000405F00D103E0EE21AA48F4F70FFF2089D7
:10B3800038B12089B0F5806F03D02089B0F5C06F47
:10B3900000D103E0EF21A348F4F700FF60894FF6E6
:10B3A000F371084010B9608900B103E0F0219D48B5
:10B3B000F4F7F4FEA08958B1A089B0F5807F07D0DA
:10B3C000A089B0F5007F03D0A089B0F5407F00D1FF
:10B3D00003E0F1219348F4F7E1FEA08980B18B48A6
:10B3E000854208D08A48854205D08A48854202D0E5
:10B3F0008B48854200D103E0F6218A48F4F7CEFE5F
:10B400002E8A26F44056E08806432E82AE8941F209
:10B410000C608643A088218908436189084306435C
:10B42000AE81AE8A26F44076A0890643AE82684695
:10B43000FCF7E5F97548854202D07948854202D18A
:10B44000DDF80C9001E0DDF80890A88900F40040D8
:10B4500040B109EBC90000EB091021684900B0FBBD
:10B46000F1F707E009EBC90000EB0910216889003A
:10B47000B0FBF1F76420B7FBF0F00601300964215E
:10B4800001FB1078A88900F4004040B1322000EBA5
:10B49000C800B0FBF1F000F00700064308E03220DE
:10B4A00000EB08106421B0FBF1F000F00F00064340
:10B4B0002E81BDE8FF874FF4165101600021818085
:10B4C000C18001810C21418100218181704770B5CB
:10B4D00005460C4600264D48854208D04C4885421A
:10B4E00005D04C48854202D04D48854200D104E049
:10B4F0004FF4B6714B48F4F751FE208818B12088FC
:10B50000B0F5006F00D104E040F26D114548F4F74A
:10B5100045FE608818B16088B0F5806F00D104E006
:10B520004FF4B7713F48F4F739FEA08818B1A088EE
:10B53000B0F5007F00D104E040F26F113948F4F714
:10B540002DFEE08818B1E088B0F5807F00D104E0DE
:10B550004FF4B8713348F4F721FE2E8A26F4706652
:10B56000208861880843A1880843E188084306438E
:10B570002E8270BD0021018041808180C180704792
:10B5800070B504460D46214884420ED020488442BE
:10B590000BD02048844208D01F48844205D01F4861
:10B5A000844202D01E48844200D104E040F29B1144
:10B5B0001C48F4F7F3FD0DB1012D00D104E04FF468
:10B5C000CE711848F4F7EAFD25B1A08940F4005087
:10B5D000A08104E0A0894DF6FF710840A08170BDF4
:10B5E00070B504460D46094884420ED0084884428E
:10B5F0000BD00848844208D00748844205D0074849
:10B60000844202D00648844210D114E00010014068
:10B610000044004000480040004C00400050004002
:10B62000001401407CCC0008E170720040F2B511BA
:10B63000FA48F4F7B3FD208B00F47F402083208B81
:10B640002843208370BD70B504460D46F4488442FB
:10B650000ED0F44884420BD0F348844208D0F3481B
:10B66000844205D0F248844202D0F248844200D19C
:10B6700004E04FF4E571E948F4F790FD0DB1012DB8
:10B6800000D104E040F2CB11E448F4F787FD25B186
:10B69000A08940F40040A08103E0A089C0F30E001F
:10B6A000A08170BD70B504460D46DD4884420ED0C1
:10B6B000DC4884420BD0DC48844208D0DB4884421A
:10B6C00005D0DB48844202D0DA48844200D104E04D
:10B6D0004FF4F271D148F4F761FD0DB1012D00D1A5
:10B6E00004E040F2E511CD48F4F758FD25B1A08AF9
:10B6F00040F40060A08204E0A08A4FF2FF7108408D
:10B70000A08270BD70B504460D46C54884420ED077
:10B71000C44884420BD0C448844208D0C348844201
:10B7200005D0C348844202D0C248844200D104E01C
:10B7300040F21D21B948F4F731FDB5F5007F00DA7C
:10B7400004E040F21E21B548F4F728FDC5F30800D7
:10B75000A08070BD10B50446B14884420ED0B148F7
:10B7600084420BD0B048844208D0B048844205D00F
:10B77000AF48844202D0AF48844200D104E040F296
:10B780002D21A648F4F70AFDA088C0F3080010BDDB
:10B7900070B504460D46A24884420ED0A1488442AA
:10B7A0000BD0A148844208D0A048844205D0A048CC
:10B7B000844202D09F48844200D104E04FF41871C3
:10B7C0009648F4F7EBFC0F2D00DC04E040F2612119
:10B7D0009248F4F7E3FC208A4FF6F071084020828B
:10B7E000208A2843208270BD70B504460D468C48DF
:10B7F00084420ED08B4884420BD08B48844208D0C0
:10B800008A48844205D08A48844202D089488442CA
:10B8100000D104E04FF41D718048F4F7BFFC0DB176
:10B82000012D00D104E040F275217C48F4F7B6FC0C
:10B8300025B1A08940F00200A08104E0A0894FF664
:10B84000FD710840A08170BD70B504460D46744876
:10B8500084420ED0734884420BD07348844208D08F
:10B860007248844205D07248844202D071488442B2
:10B8700000D104E040F28F216848F4F78FFC15B145
:10B88000B5F5006F00D104E04FF424716348F4F77C
:10B8900085FCA0894FF2FF710840A081A089284350
:10B8A000A08170BD70B504460D465D4884420ED03F
:10B8B0005C4884420BD05C48844208D05B48844298
:10B8C00005D05B48844202D05A48844200D104E04B
:10B8D0004FF435715148F4F761FC0DB1202D00D1C2
:10B8E00004E040F2D5214D48F4F758FC208A4FF689
:10B8F000DF7108402082208A2843208270BD70B505
:10B9000004460D46464884420ED0464884420BD039
:10B910004548844208D04548844205D04448844282
:10B9200002D04448844200D104E040F2E6213B4882
:10B93000F4F734FC0DB1012D00D104E040F2E72111
:10B940003648F4F72BFC25B1208A40F48040208251
:10B9500004E0208A4BF6FF710840208270BD10B5CC
:10B9600004462F4884420ED02E4884420BD02E48E5
:10B97000844208D02D48844205D02D48844202D00C
:10B980002C48844200D104E040F2FE212348F4F721
:10B9900005FCA08940F00100A08110BD70B50446EF
:10B9A0000D461F4884420ED01E4884420BD01E48CC
:10B9B000844208D01D48844205D01D48844202D0EC
:10B9C0001C48844200D104E040F233311348F4F7BC
:10B9D000E5FB0DB1012D00D104E04FF44D710F488E
:10B9E000F4F7DCFB25B1A08A40F00800A08204E057
:10B9F000A08A4FF6F7710840A08270BD70B504466A
:10BA00000D460748844208D00648844205D00648BF
:10BA1000844202D0074884420ED112E07CCC000858
:10BA2000001001400044004000480040004C00402D
:10BA300000500040001401404FF46271FE48F4F7DA
:10BA4000ADFB208BC0B22083208B40EA05202083F1
:10BA500070BD70B504460D46F848844208D0F848D9
:10BA6000844205D0F748844202D0F748844200D18E
:10BA700004E040F29B31F048F4F790FB0DB1012D4A
:10BA800000D104E04FF46771EB48F4F787FB25B170
:10BA9000A08A40F02000A08204E0A08A4FF6DF7167
:10BAA0000840A08270BD70B504460D46E34884424C
:10BAB00008D0E348844205D0E248844202D0E248FC
:10BAC000844200D104E04FF46D71DB48F4F766FB6B
:10BAD0000DB1012D00D104E040F2B531D648F4F7A4
:10BAE0005DFB25B1A08A40F01000A08204E0A08A8E
:10BAF0004FF6EF710840A08270BD70B504460D4648
:10BB0000CE4884420ED0CE4884420BD0CD488442E9
:10BB100008D0CE48844205D0CD48844202D0CA48DD
:10BB2000844200D104E040F2FB31C348F4F736FB15
:10BB3000042D00D005B904E04FF47F71BE48F4F73E
:10BB40002DFBA08A4FF6FB710840A082A08A2843F3
:10BB5000A08270BD70B504460D46B84884420ED030
:10BB6000B74884420BD0B748844208D0B7488442D3
:10BB700005D0B748844202D0B348844200D104E0E3
:10BB800040F20D41AC48F4F709FB0DB1012D00D195
:10BB900004E040F20E41A848F4F700FB25B1A08A6A
:10BBA00040F00200A08204E0A08A4FF6FD71084038
:10BBB000A08270BD70B504460D4616469F4884426B
:10BBC0000ED09F4884420BD09E48844208D09F48A4
:10BBD000844205D09E48844202D09B48844200D1D2
:10BBE00004E040F23B419448F4F7D8FA4FF63F7036
:10BBF000284008B905B104E040F23C418E48F4F712
:10BC0000CDFA0EB1012E00D104E040F23D418A4848
:10BC1000F4F7C4FA1EB1A08A2843A08202E0A08AE9
:10BC2000A843A08270BD2DE9F04704460D46174693
:10BC30004FF00008C246C1460026804884420ED01C
:10BC40007F4884420BD07F48844208D07F4884429A
:10BC500005D07F48844202D07B48844200D104E072
:10BC600040F2BD417448F4F799FA282D19D040F2FA
:10BC70002770854215D040F22660854211D040F2EF
:10BC8000255085420DD040F22440854209D040F62F
:10BC90004600854205D040F66A10854201D0602DED
:10BCA00000D104E040F2BE416348F4F777FA0FB1E7
:10BCB000012F00D104E040F2BF415F48F4F76EFA73
:10BCC00040F66A10854211D15C48844208D05C4835
:10BCD000844205D05B48844202D05B48844200D154
:10BCE00004E040F2C4415448F4F758FA2646C5F33C
:10BCF000421805F01F0A012000FA0AF9B8F1010FF5
:10BD000001D10C3605E0B8F1020F01D1103600E088
:10BD1000143627B1306840EA0900306003E030682B
:10BD200020EA09003060BDE8F08770B505460C4692
:10BD30000026424885420ED0414885420BD04148FA
:10BD4000854208D04148854205D04148854202D00D
:10BD50003D48854200D104E040F2FC413648F4F70A
:10BD60001DFA012C13D0802C11D0402C0FD0202C88
:10BD70000DD0102C0BD0B4F5807F08D0B4F5007F27
:10BD800005D0082C03D0042C01D0022C00D104E0F3
:10BD900040F2FD412848F4F701FAB4F5007F11D1D3
:10BDA0002648854208D02648854205D02548854248
:10BDB00002D02548854200D104E040F202511E48DD
:10BDC000F4F7ECF92888204008B1012600E00026AD
:10BDD000304670BD70B504460D46184884420ED0FA
:10BDE000174884420BD01748844208D01748844231
:10BDF00005D01748844202D01348844200D104E0A1
:10BE000040F22C510C48F4F7C9F94FF69F402840F6
:10BE100008B905B104E040F22D510748F4F7BEF926
:10BE200005F40070B0F5007F20D10448844217D09B
:10BE30000348844214D00DE07CCC0008001001407F
:10BE4000004400400048004000140140004C004005
:10BE5000005000407548844202D07548844200D1A9
:10BE600004E040F232517348F4F798F9E843208037
:10BE700070BD2DE9F04705460C4600270026B04668
:10BE8000B1466D4885420ED06C4885420BD067485C
:10BE9000854208D06A48854205D06A48854202D06A
:10BEA0006348854200D104E04FF4AA616148F4F789
:10BEB00075F9282C27D040F22770844223D040F215
:10BEC000266084421FD040F2255084421BD040F2AD
:10BED0002440844217D040F64600844213D040F6F6
:10BEE0006A1084420FD0B4F5587F0CD040F2253050
:10BEF000844208D0B4F5587F05D0B4F5187F02D03D
:10BF0000B4F5B07F00D104E040F251514948F4F754
:10BF100045F940F66A10844211D14748854208D05D
:10BF20004648854205D04148854202D04048854276
:10BF300000D104E040F256513E48F4F72FF9C4F323
:10BF4000421804F01F06012000FA06F6B8F1010FAE
:10BF500002D1A889064007E0B8F1020F02D1288A71
:10BF6000064001E0A88A06402712012000FA07F7E0
:10BF7000288807401EB117B14FF0010901E04FF0CA
:10BF800000094846BDE8F0872DE9F04104460D461A
:10BF900000260027284884420ED0284884420BD02F
:10BFA0002248844208D02648844205D0254884424D
:10BFB00002D01F48844200D104E040F299511D484C
:10BFC000F4F7ECF840F2266085420BD040F22550A1
:10BFD000854207D040F64600854203D040F66A10FD
:10BFE000854200D104E040F29A511248F4F7D6F8A5
:10BFF00040F66A10854211D10F48844208D00F489C
:10C00000844205D00948844202D00948844200D1C4
:10C0100004E040F29F510748F4F7C0F82E120120C7
:10C02000B04087B2F8432080BDE8F081004800406E
:10C03000001401407CCC0008001001400044004086
:10C04000004C0040005000402DE9FE4F804681EA40
:10C050000300C00F0C46009021F0004123F0004582
:10C06000B8EB0200A94105D24046214690461C4645
:10C070000B46024623F00040104347D0270DC7F37C
:10C080000A00C3F30A510290401A019040286BDA6B
:10C09000C3F3130040F4801B0098924620B10023A4
:10C0A000D2EB030A63EB0B0B01985946C0F1400237
:10C0B000504600F0AFF906460D4650465946019AE3
:10C0C00000F0B7F910EB08006141002487EA115233
:10C0D00084EAE7731A4340D0009A62B3019A012AB6
:10C0E0004FEA075215DC001B61EB02014FF00042E2
:10C0F00002EA0752CDE90042001C41F580113246A8
:10C100002B4600F0EEF903B0BDE8F08F4046214623
:10C11000F9E7001B61EB0201001C41F580130018D8
:10C120005B412018A2F5001747EB030140EAD570E8
:10C13000B6196D4111E06D084FEA360645EAC07543
:10C140004FEA0752001B61EB0201001C41F5801110
:10C1500049084FEA30000019514132462B4603B0DE
:10C16000BDE8F04F00F0AEB9009801224000002376
:10C17000D0EB020263EBE073009821464FEAE074D3
:10C18000B8EB000061EB0401E9E783F000435BE7F3
:10C1900081F0004158E72DE9FE4F81EA030404F0E5
:10C1A000004421F0004100944FF0000B23F00043C5
:10C1B00050EA01045ED052EA03045BD0C3F30A5490
:10C1C000C1F30A552C44A4F2F3340194A0FB0254A9
:10C1D000C1F3130141F48011C3F3130343F480133B
:10C1E00001FB024400FB034E840A970A44EA81548F
:10C1F00047EA8357A4FB076802958D0A05FB07856C
:10C200004FEA932C04FB0C542705029D4FEA065875
:10C2100047EA1637B5EB08056EEB070C870E920E52
:10C2200047EA811742EA8312A7FB0201B6EB0B0132
:10C2300064EB00042B0D43EA0C335E1844EB1C50F6
:10C24000DA465146E7FB0201C5F313044FEA0B330C
:10C2500043EA14534FEA0432019C43EA0603A4F173
:10C260000C040294009CCDE900B400F03AF903B04C
:10C27000BDE8F08F00200146F9E72DE9F04D81EA95
:10C28000030404F0004B21F0004514464FF0000A6F
:10C2900023F0004150EA050220D054EA01021DD0EB
:10C2A000C5F30A570246C5F31303C1F31300C1F3E4
:10C2B0000A5640F4801543F48013A7EB0608101BC0
:10C2C000D64608F2FD3873EB050002D308F10108E9
:10C2D00001E092185B41B8F1000F03DA002001463B
:10C2E000BDE8F08D00204FF48011064684460EE034
:10C2F000171B73EB050705D3121B63EB05030643FE
:10C300004CEA010C49084FEA300092185B4150EAB0
:10C310000107EDD152EA030012D082EA040083EA59
:10C320000501084305D0101BAB4106D201220023B2
:10C3300006E000224FF0004302E06FF001025310CC
:10C340001AEB06004CEB085110EB0A0041EB0B0115
:10C35000BDE8F04D00F0B6B80EB5C10F80EAE07050
:10C360000844CA07002140F233438DE80E000A4614
:10C370000B4600F0B6F803B000BD000030B5041E57
:10C3800071F1000404DB4FF00044404264EB010112
:10C39000141E73F1000405DB1C464FF000435242AB
:10C3A00063EB04038B4208BF824230BD30B5041EEC
:10C3B00071F1000404DB4FF00044404264EB0101E2
:10C3C000141E73F1000405DB1C464FF0004352427B
:10C3D00063EB0403994208BF904230BD01F0004373
:10C3E00030B421F0004150EA010206D00A0DA2F556
:10C3F0006072C1F31301002A02DC30BC00207047D8
:10C40000440F44EAC104C100E01830BC00EBC25044
:10C4100000F021B8202A04DB203A00FA02F10020C3
:10C4200070479140C2F1200320FA03F31943904072
:10C430007047202A06DBCB17203A41FA02F043EA84
:10C44000E07306E041FA02F3D040C2F120029140CD
:10C450000843194670470029A8BF7047401C49008F
:10C4600008BF20F00100704710B4B0FA80FC00FA59
:10C470000CF050EA010404BF10BC704749B1CCF184
:10C48000200421FA04F411FA0CF118BF0121214310
:10C490000843A3EB0C01CB1D4FEA00614FEA1020CB
:10C4A00042BF002010BC704700EBC350104400296D
:10C4B000A4BF10BC7047401C490008BF20F0010019
:10C4C00010BC704710B5141E73F1000408DA401C4C
:10C4D00041F1000192185B411A4301D120F00100A3
:10C4E00010BD2DE9F04D92469B4611B1B1FA81F293
:10C4F00002E0B0FA80F220329046FFF78BFF04464C
:10C500000F4640EA0A0041EA0B0153465A460843E7
:10C5100013D0114653EA010019D0C8F14002504629
:10C5200000F040F805460E46504659464246FFF791
:10C5300071FF084305D0012004E020463946BDE8DC
:10C54000F08D0020054346EAE0762C4337430A98F5
:10C550006305E40AA0EB08000022FD0A44EA475400
:10C560000A3002D500200146E9E7010510196941AA
:10C57000DDE9084500196941BDE8F04DA2E700007A
:10C58000064C074D06E0E06840F0010394E8070020
:10C5900098471034AC42F6D3F3F7FAFDD0CC00083C
:10C5A000F0CC0008202A04DB203A21FA02F0002116
:10C5B000704721FA02F3D040C2F1200291400843B3
:10C5C0001946704770B58C1810F8015B15F0070319
:10C5D00001D110F8013B2A1106D110F8012B03E01C
:10C5E00010F8016B01F8016B5B1EF9D12B0705D424
:10C5F0000023521E0DD401F8013BFAE710F8013B6D
:10C60000CB1A921C03E013F8015B01F8015B521E88
:10C61000F9D5A142D8D3002070BD02E008C8121F8E
:10C6200008C1002AFAD170477047002001E001C11B
:10C63000121F002AFBD17047000000005680803B8B
:10C64000D37F003C77BE403CCF7D803C5B9BA03CD1
:10C65000A6B7C03C6ED2E03CB775003D3581103DB9
:10C66000918B203DAB94303D609C403D92A2503D6B
:10C6700025A7603DF1A9703D6F55803DE354883D8D
:10C680004753903D8C50983D9F4CA03D7247A83D2C
:10C69000F740B03D1B39B83DD22FC03D0C25C83DF9
:10C6A000B218D03DC60AD83D2DFBDF3DD9E9E73DA4
:10C6B000B0D6EF3DBEC1F73DDBAAFF3D04C9033E46
:10C6C00095BB073E20AD0B3E979D0F3EF58C133E6C
:10C6D000397B173E56681B3E3E541F3EF83E233EB4
:10C6E0007728273EB4102B3EA1F72E3E45DD323E83
:10C6F00093C1363E7DA43A3E0A863E3E2766423EC0
:10C70000D844463E12224A3EC7FD4D3EFED7513E1A
:10C71000AFB0553EC687593E4B5D5D3E3731613EF9
:10C720007C03653E1AD4683E0AA36C3E4770703E97
:10C73000C83B743E8805783E86CD7B3EB5937F3EF0
:10C740000EAC813E538D833EAE6D853E164D873EC9
:10C750008D2B893E0F098B3E99E58C3E2BC18E3E79
:10C76000C19B903E5475923EE94D943E7B25963E8A
:10C7700007FC973E8BD1993E02A69B3E6F799D3E6A
:10C78000CD4B9F3E1C1DA13E57EDA23E7FBCA43E5B
:10C790008D8AA63E8457A83E6223AA3E23EEAB3E76
:10C7A000C2B7AD3E4580AF3EA447B13EE20DB33EB9
:10C7B000F9D2B43EE996B63EB159B83E4F1BBA3EE7
:10C7C000C2DBBB3E079BBD3E1E59BF3E0416C13EA9
:10C7D000BCD1C23E3F8CC43E8E45C63EA4FDC73E82
:10C7E00089B4C93E336ACB3EA41ECD3EDAD1CE3EDB
:10C7F000D583D03E9434D23E18E4D33E5A92D53EEF
:10C80000603FD73E21EBD83EA395DA3EE33EDC3EC7
:10C81000E1E6DD3E9A8DDF3E0D33E13E3AD7E23E62
:10C82000227AE43EC51BE63E1BBCE73E2F5BE93E99
:10C83000F7F8EA3E7695EC3EA930EE3E93CAEF3E1D
:10C840003563F13E86FAF23E8F90F43E4925F63E7E
:10C85000B9B8F73EDA4AF93EAFDBFA3E386BFC3E38
:10C8600071F9FD3E5A86FF3EFC88003F234E013F92
:10C87000A212023F7BD6023FAC99033F365C043FD5
:10C88000171E053F51DF053FE39F063FCE5F073F81
:10C89000121F083FADDD083FA29B093FEF580A3F3A
:10C8A00094150B3F93D10B3FE98C0C3F9A470D3FFA
:10C8B000A2010E3F03BB0E3FBF730F3FD32B103FB0
:10C8C00041E3103F089A113F2A50123FA405133F3D
:10C8D00079BA133FA86E143F3322153F18D5153F80
:10C8E0005787163FF138173FE7E9173F389A183F47
:10C8F000E749193FEFF8193F55A71A3F18551B3F55
:10C9000037021C3FB3AE1C3F8E5A1D3FC4051E3F6D
:10C910005AB01E3F4E5A1F3FA103203F52AC203F4A
:10C920006354213FD3FB213FA4A2223FD548233F9C
:10C9300067EE233F5A93243FAD37253F63DB253F06
:10C940007A7E263FF420273FD2C2273F1364283F38
:10C95000B704293FBFA4293F2C442A3FFEE22A3FC7
:10C9600033812B3FD11E2C3FD2BB2C3F3C582D3F57
:10C970000CF42D3F438F2E3FE1292F3FE9C32F3F7A
:10C98000595D303F33F6303F758E313F2126323FBF
:10C9900039BD323FBB53333FA9E9333F027F343FB8
:10C9A000C713353FF9A7353F993B363FA6CE363FF3
:10C9B0002161373F0BF3373F6484383F2E15393FF1
:10C9C00065A5393F0F353A3F2AC43A3FB4523B3F41
:10C9D000B3E03B3F226E3C3F06FB3C3F5D873D3F63
:10C9E00026133E3F679E3E3F1A293F3F44B33F3FD9
:10C9F000E43C403FF9C5403F864E413F89D6413F28
:10CA0000065E423FFAE4423F676B433F4FF1433FCC
:10CA1000B076443F8CFB443FE27F453FB403463F42
:10CA20000187463FCB09473F138C473FD70D483F0F
:10CA3000198F483FDD0F493FDD0F493F2E2E5C44E3
:10CA40007269766572734D63755C53544D3332462B
:10CA50003430375C4C69627261726965735C53543F
:10CA60004D3332463478785F537464506572697020
:10CA7000685F4472697665725C7372635C6D69733A
:10CA8000632E63002E2E5C447269766572734D636B
:10CA9000755C53544D3332463430375C4C696272A6
:10CAA00061726965735C53544D3332463478785FF4
:10CAB0005374645065726970685F44726976657218
:10CAC0005C7372635C73746D3332663478785F6163
:10CAD00064632E63000000002E2E5C44726976654C
:10CAE00072734D63755C53544D3332463430375C4A
:10CAF0004C69627261726965735C53544D3332469E
:10CB00003478785F5374645065726970685F4472FA
:10CB1000697665725C7372635C73746D333266340C
:10CB200078785F646D612E63000000002E2E5C44F7
:10CB30007269766572734D63755C53544D3332463A
:10CB40003430375C4C69627261726965735C53544E
:10CB50004D3332463478785F53746450657269702F
:10CB6000685F4472697665725C7372635C73746D3E
:10CB70003332663478785F657874692E630000001C
:10CB80002E2E5C447269766572734D63755C5354E6
:10CB90004D3332463430375C4C696272617269657C
:10CBA000735C53544D3332463478785F5374645019
:10CBB00065726970685F4472697665725C737263EE
:10CBC0005C73746D3332663478785F6770696F2E8A
:10CBD000630000002E2E5C447269766572734D63AB
:10CBE000755C53544D3332463430375C4C69627255
:10CBF00061726965735C53544D3332463478785FA3
:10CC00005374645065726970685F447269766572C6
:10CC10005C7372635C73746D3332663478785F7200
:10CC200063632E63000000002E2E5C4472697665FB
:10CC300072734D63755C53544D3332463430375CF8
:10CC40004C69627261726965735C53544D3332464C
:10CC50003478785F5374645065726970685F4472A9
:10CC6000697665725C7372635C73746D33326634BB
:10CC700078785F74696D2E63000000002E2E5C448E
:10CC80007269766572734D63755C53544D333246E9
:10CC90003430375C4C69627261726965735C5354FD
:10CCA0004D3332463478785F5374645065726970DE
:10CCB000685F4472697665725C7372635C73746DED
:10CCC0003332663478785F75736172742E63000056
:10CCD000F0CC00080000002000020000C4C50008DD
:10CCE0009CCD000800020020701800002AC6000831
:10CCF00013B1016408E8031AB90C63F4011ABB0C00
:10CD000072C81ABD0C72641ABF0C72321AC70C7248
:10CD1000141AC90C72025A014401A216B56206081F
:10CD20000612641A01024B7A120E3AC80E1BDE6A12
:10CD30000E13071414400D031BA0861219D463347C
:10CD4000031BD1CA1C111A14262133D0082AC2325F
:10CD500049F51BB8421C53090D63FFFF1C031DABB3
:10CD6000151301031301025B0D460B12065B114EF6
:10CD70000B12125B1D660B12215B2C840B12045BE1
:10CD80000F4A0B053407011351847A030A6809011D
:0CCD9000020304060708090C69100000EB
:040000050800018965
:00000001FF
